Transaction_ID,Customer_ID,Transaction_Date,Amount,Payment_Method,Device,Location,Status,Failure_Reason
TXN1440,CUST1295,2026-01-01,663.19,Net Banking,Desktop,Delhi,Success,None
TXN1448,CUST1421,2026-01-01,1122.03,Net Banking,Tablet,Mumbai,Success,None
TXN2658,CUST1020,2026-01-01,633.24,Credit Card,Mobile,Mumbai,Success,None
TXN2036,CUST1160,2026-01-01,970.91,Debit Card,Mobile,Hyderabad,Success,None
TXN0910,CUST1933,2026-01-01,342.02,Net Banking,Desktop,Pune,Success,None
TXN1055,CUST1445,2026-01-01,1010.74,Debit Card,Desktop,Pune,Success,None
TXN1118,CUST1562,2026-01-01,3151.5,Credit Card,Desktop,Chennai,Success,None
TXN1892,CUST1663,2026-01-01,690.49,Credit Card,Desktop,Delhi,Success,None
TXN0410,CUST1821,2026-01-02,1331.03,UPI,Mobile,Pune,Success,None
TXN0991,CUST1255,2026-01-02,1211.93,Credit Card,Mobile,Chennai,Success,None
TXN2329,CUST1305,2026-01-02,2858.47,UPI,Mobile,Chennai,Success,None
TXN0730,CUST1921,2026-01-02,1859.11,UPI,Mobile,Chennai,Success,None
TXN0463,CUST1048,2026-01-02,610.09,Net Banking,Desktop,Mumbai,Success,None
TXN1157,CUST1280,2026-01-02,1191.24,UPI,Desktop,Chennai,Success,None
TXN0167,CUST1098,2026-01-02,1227.09,UPI,Mobile,Hyderabad,Success,None
TXN2681,CUST1380,2026-01-02,1382.78,UPI,Desktop,Chennai,Success,None
TXN2100,CUST1139,2026-01-02,1902.48,Wallet,Mobile,Hyderabad,Success,None
TXN2621,CUST1403,2026-01-02,755.58,Credit Card,Desktop,Bangalore,Success,None
TXN1658,CUST1140,2026-01-02,453.57,UPI,Mobile,Chennai,Success,None
TXN0115,CUST1295,2026-01-02,942.26,UPI,Mobile,Bangalore,Success,None
TXN1180,CUST1232,2026-01-02,1013.17,Net Banking,Tablet,Pune,Failed,Bank Declined
TXN2178,CUST1322,2026-01-02,1251.93,UPI,Mobile,Pune,Success,None
TXN1173,CUST1681,2026-01-02,1334.58,Credit Card,Desktop,Hyderabad,Failed,Insufficient Funds
TXN0064,CUST1166,2026-01-02,2268.48,Credit Card,Mobile,Delhi,Success,None
TXN2210,CUST1972,2026-01-02,1962.84,UPI,Mobile,Delhi,Success,None
TXN0476,CUST1036,2026-01-03,1931.88,UPI,Mobile,Mumbai,Success,None
TXN1978,CUST1015,2026-01-03,3364.08,Debit Card,Desktop,Delhi,Failed,Insufficient Funds
TXN0110,CUST1455,2026-01-03,1809.15,UPI,Tablet,Mumbai,Success,None
TXN0551,CUST1833,2026-01-03,2879.62,Net Banking,Desktop,Mumbai,Success,None
TXN0607,CUST1740,2026-01-03,4781.79,Net Banking,Mobile,Delhi,Success,None
TXN1632,CUST1160,2026-01-03,298.39,Credit Card,Desktop,Delhi,Success,None
TXN0495,CUST1127,2026-01-03,258.41,UPI,Mobile,Pune,Success,None
TXN2716,CUST1777,2026-01-03,1288.68,Credit Card,Desktop,Bangalore,Success,None
TXN0813,CUST1564,2026-01-03,427.84,Credit Card,Mobile,Bangalore,Success,None
TXN1463,CUST1946,2026-01-03,2105.6,Debit Card,Mobile,Hyderabad,Failed,Network Error
TXN1781,CUST1255,2026-01-03,1091.18,Credit Card,Desktop,Pune,Success,None
TXN2354,CUST1481,2026-01-03,983.5,Credit Card,Mobile,Mumbai,Success,None
TXN2551,CUST1382,2026-01-03,2355.41,UPI,Mobile,Pune,Success,None
TXN2051,CUST1140,2026-01-03,1431.77,UPI,Mobile,Delhi,Success,None
TXN1169,CUST1788,2026-01-03,903.77,UPI,Desktop,Bangalore,Success,None
TXN0139,CUST1647,2026-01-03,297.11,Debit Card,Tablet,Bangalore,Success,None
TXN1720,CUST1766,2026-01-04,889.91,Wallet,Desktop,Mumbai,Success,None
TXN0845,CUST1167,2026-01-04,163.11,UPI,Mobile,Delhi,Success,None
TXN0914,CUST1555,2026-01-04,2082.26,Wallet,Mobile,Chennai,Success,None
TXN1526,CUST1793,2026-01-04,2579.74,UPI,Mobile,Hyderabad,Success,None
TXN2888,CUST1600,2026-01-04,1384.9,Wallet,Mobile,Pune,Success,None
TXN1813,CUST1757,2026-01-04,574.49,UPI,Tablet,Chennai,Success,None
TXN0272,CUST1563,2026-01-04,1893.25,Wallet,Desktop,Pune,Success,None
TXN0827,CUST1162,2026-01-04,1412.32,Debit Card,Desktop,Mumbai,Success,None
TXN1387,CUST1784,2026-01-04,1153.22,UPI,Mobile,Delhi,Failed,Technical Error
TXN0273,CUST1267,2026-01-04,705.46,Debit Card,Desktop,Chennai,Success,None
TXN1953,CUST1215,2026-01-04,414.8,UPI,Desktop,Delhi,Success,None
TXN2770,CUST1690,2026-01-04,1238.51,UPI,Mobile,Hyderabad,Success,None
TXN0549,CUST1091,2026-01-04,1249.79,Debit Card,Tablet,Delhi,Success,None
TXN0542,CUST1511,2026-01-04,2057.1,Credit Card,Desktop,Pune,Success,None
TXN0591,CUST1819,2026-01-04,752.37,UPI,Mobile,Delhi,Success,None
TXN1046,CUST1084,2026-01-04,4264.12,UPI,Mobile,Delhi,Failed,Technical Error
TXN1266,CUST1232,2026-01-04,1023.64,UPI,Mobile,Pune,Success,None
TXN2345,CUST1645,2026-01-04,934.84,Debit Card,Tablet,Bangalore,Success,None
TXN1457,CUST1502,2026-01-04,2281.69,UPI,Desktop,Delhi,Success,None
TXN0631,CUST1188,2026-01-04,410.43,Debit Card,Desktop,Bangalore,Success,None
TXN1760,CUST1914,2026-01-05,1103.38,UPI,Mobile,Mumbai,Success,None
TXN0627,CUST1236,2026-01-05,413.36,UPI,Mobile,Hyderabad,Success,None
TXN2668,CUST1297,2026-01-05,2583.12,UPI,Mobile,Mumbai,Success,None
TXN0380,CUST1815,2026-01-05,1097.02,Wallet,Mobile,Delhi,Success,None
TXN2125,CUST1574,2026-01-05,659.27,UPI,Desktop,Delhi,Success,None
TXN0494,CUST1322,2026-01-05,1113.61,Debit Card,Mobile,Delhi,Failed,Technical Error
TXN1343,CUST1434,2026-01-05,949.88,Net Banking,Mobile,Delhi,Success,None
TXN1360,CUST1653,2026-01-05,5411.87,UPI,Desktop,Chennai,Success,None
TXN0729,CUST1604,2026-01-05,4155.99,Net Banking,Mobile,Hyderabad,Success,None
TXN0147,CUST1418,2026-01-05,515.61,UPI,Mobile,Mumbai,Success,None
TXN0251,CUST1410,2026-01-05,844.24,Credit Card,Mobile,Chennai,Success,None
TXN2408,CUST1523,2026-01-05,828.31,Credit Card,Mobile,Mumbai,Success,None
TXN0379,CUST1658,2026-01-05,638.32,UPI,Desktop,Mumbai,Success,None
TXN0099,CUST1401,2026-01-05,1287.58,Credit Card,Desktop,Chennai,Success,None
TXN1059,CUST1799,2026-01-06,1143.49,UPI,Mobile,Chennai,Success,None
TXN1064,CUST1550,2026-01-06,989.71,UPI,Mobile,Chennai,Failed,Bank Declined
TXN0174,CUST1738,2026-01-06,581.2,UPI,Mobile,Mumbai,Success,None
TXN2246,CUST1344,2026-01-06,1076.4,Debit Card,Mobile,Delhi,Success,None
TXN1782,CUST1733,2026-01-06,1242.3,Wallet,Mobile,Chennai,Success,None
TXN1273,CUST1033,2026-01-06,3598.25,Credit Card,Mobile,Pune,Success,None
TXN2162,CUST1002,2026-01-06,2711.57,Wallet,Mobile,Mumbai,Failed,Insufficient Funds
TXN2534,CUST1773,2026-01-06,1111.38,Debit Card,Tablet,Hyderabad,Success,None
TXN2973,CUST1668,2026-01-06,3959.77,Debit Card,Mobile,Chennai,Success,None
TXN0780,CUST1879,2026-01-06,727.14,Wallet,Mobile,Bangalore,Success,None
TXN2401,CUST1526,2026-01-06,828.29,UPI,Mobile,Chennai,Success,None
TXN2048,CUST1250,2026-01-06,1428.7,Credit Card,Desktop,Delhi,Success,None
TXN0289,CUST1854,2026-01-07,1756.7,UPI,Mobile,Hyderabad,Success,None
TXN0006,CUST1071,2026-01-07,1075.85,Debit Card,Mobile,Mumbai,Success,None
TXN0194,CUST1690,2026-01-07,858.57,UPI,Desktop,Delhi,Success,None
TXN2106,CUST1379,2026-01-07,1416.24,Wallet,Mobile,Pune,Success,None
TXN1629,CUST1709,2026-01-07,3061.96,Credit Card,Mobile,Hyderabad,Success,None
TXN0674,CUST1801,2026-01-07,708.49,UPI,Desktop,Bangalore,Success,None
TXN1231,CUST1002,2026-01-07,1159.6,Credit Card,Mobile,Delhi,Success,None
TXN2486,CUST1400,2026-01-07,686.62,UPI,Desktop,Chennai,Success,None
TXN0809,CUST1947,2026-01-07,857.91,Credit Card,Mobile,Hyderabad,Success,None
TXN2818,CUST1192,2026-01-07,1822.31,Credit Card,Mobile,Chennai,Success,None
TXN0067,CUST1600,2026-01-07,1016.36,Net Banking,Mobile,Mumbai,Success,None
TXN0268,CUST1112,2026-01-07,1392.24,UPI,Desktop,Bangalore,Success,None
TXN1696,CUST1642,2026-01-07,467.94,Wallet,Desktop,Chennai,Success,None
TXN2233,CUST1215,2026-01-07,3333.59,Credit Card,Mobile,Chennai,Success,None
TXN2830,CUST1302,2026-01-08,1195.01,UPI,Mobile,Chennai,Success,None
TXN1548,CUST1209,2026-01-08,1130.61,UPI,Mobile,Bangalore,Success,None
TXN2808,CUST1128,2026-01-08,1299.19,Credit Card,Mobile,Mumbai,Success,None
TXN1528,CUST1282,2026-01-08,977.31,UPI,Tablet,Delhi,Success,None
TXN1825,CUST1074,2026-01-08,684.0,Credit Card,Mobile,Chennai,Success,None
TXN1020,CUST1460,2026-01-08,612.23,Debit Card,Mobile,Bangalore,Success,None
TXN0990,CUST1882,2026-01-08,2447.8,UPI,Mobile,Pune,Success,None
TXN2682,CUST1622,2026-01-08,3404.1,Debit Card,Desktop,Hyderabad,Success,None
TXN2609,CUST1958,2026-01-08,984.31,Wallet,Mobile,Chennai,Failed,Bank Declined
TXN1784,CUST1225,2026-01-08,723.84,Credit Card,Desktop,Hyderabad,Success,None
TXN1828,CUST1127,2026-01-08,356.54,UPI,Desktop,Bangalore,Failed,Insufficient Funds
TXN0345,CUST1935,2026-01-08,2061.39,UPI,Mobile,Pune,Success,None
TXN0357,CUST1414,2026-01-08,622.81,Credit Card,Mobile,Chennai,Failed,Network Error
TXN0820,CUST1041,2026-01-08,1428.64,UPI,Mobile,Mumbai,Failed,Technical Error
TXN0383,CUST1403,2026-01-08,1702.52,UPI,Mobile,Pune,Success,None
TXN0793,CUST1264,2026-01-08,2192.73,Credit Card,Mobile,Pune,Success,None
TXN2314,CUST1241,2026-01-08,321.07,Debit Card,Mobile,Mumbai,Success,None
TXN1628,CUST1179,2026-01-08,591.06,Net Banking,Mobile,Pune,Success,None
TXN0121,CUST1052,2026-01-08,533.97,Wallet,Desktop,Mumbai,Success,None
TXN1708,CUST1799,2026-01-08,1371.57,UPI,Mobile,Hyderabad,Success,None
TXN1429,CUST1850,2026-01-08,804.57,Credit Card,Desktop,Bangalore,Success,None
TXN1130,CUST1983,2026-01-08,4241.71,Debit Card,Desktop,Bangalore,Failed,Insufficient Funds
TXN0104,CUST1957,2026-01-08,351.65,Credit Card,Mobile,Pune,Success,None
TXN1341,CUST1391,2026-01-08,629.14,Net Banking,Mobile,Mumbai,Success,None
TXN2012,CUST1151,2026-01-09,2431.53,UPI,Mobile,Pune,Failed,Invalid Details
TXN0861,CUST1341,2026-01-09,344.21,UPI,Mobile,Chennai,Success,None
TXN2590,CUST1811,2026-01-09,1410.47,Wallet,Desktop,Mumbai,Success,None
TXN0979,CUST1723,2026-01-09,2510.72,Wallet,Mobile,Bangalore,Success,None
TXN1097,CUST1763,2026-01-09,1461.72,Net Banking,Desktop,Mumbai,Success,None
TXN2916,CUST1776,2026-01-09,1313.27,UPI,Mobile,Mumbai,Success,None
TXN1453,CUST1992,2026-01-09,830.91,UPI,Tablet,Hyderabad,Success,None
TXN1864,CUST1633,2026-01-09,1095.17,Credit Card,Desktop,Bangalore,Success,None
TXN0022,CUST1308,2026-01-09,1280.55,UPI,Mobile,Hyderabad,Success,None
TXN2902,CUST1735,2026-01-10,1054.67,UPI,Desktop,Hyderabad,Failed,Network Error
TXN0024,CUST1343,2026-01-10,2040.02,Credit Card,Mobile,Mumbai,Success,None
TXN0340,CUST1863,2026-01-10,660.52,UPI,Desktop,Delhi,Success,None
TXN0501,CUST1322,2026-01-10,3322.37,UPI,Mobile,Pune,Success,None
TXN0206,CUST1748,2026-01-10,740.18,Net Banking,Mobile,Mumbai,Success,None
TXN1863,CUST1701,2026-01-10,630.86,Debit Card,Desktop,Mumbai,Success,None
TXN0405,CUST1913,2026-01-10,644.11,UPI,Desktop,Mumbai,Failed,Technical Error
TXN2014,CUST1619,2026-01-10,776.37,Debit Card,Mobile,Pune,Success,None
TXN0253,CUST1317,2026-01-10,723.62,Credit Card,Desktop,Bangalore,Success,None
TXN0421,CUST1815,2026-01-10,414.79,Credit Card,Mobile,Mumbai,Success,None
TXN1899,CUST1547,2026-01-10,1894.71,Net Banking,Tablet,Bangalore,Success,None
TXN2215,CUST1113,2026-01-10,1200.66,UPI,Desktop,Mumbai,Success,None
TXN1511,CUST1156,2026-01-10,2042.93,Debit Card,Mobile,Chennai,Success,None
TXN2174,CUST1609,2026-01-10,1549.87,Credit Card,Desktop,Pune,Success,None
TXN2203,CUST1175,2026-01-10,3151.42,UPI,Mobile,Hyderabad,Success,None
TXN1162,CUST1092,2026-01-10,362.66,Credit Card,Mobile,Chennai,Success,None
TXN0420,CUST1276,2026-01-11,360.62,UPI,Desktop,Chennai,Success,None
TXN1353,CUST1224,2026-01-11,876.27,UPI,Mobile,Hyderabad,Success,None
TXN0790,CUST1232,2026-01-11,1103.43,UPI,Desktop,Hyderabad,Success,None
TXN0059,CUST1484,2026-01-11,1382.9,UPI,Desktop,Chennai,Failed,Network Error
TXN1591,CUST1935,2026-01-11,1850.02,UPI,Desktop,Delhi,Failed,Technical Error
TXN2444,CUST1893,2026-01-11,327.85,Credit Card,Mobile,Chennai,Success,None
TXN2606,CUST1444,2026-01-11,2220.1,Debit Card,Mobile,Hyderabad,Success,None
TXN1111,CUST1165,2026-01-11,3043.06,Debit Card,Mobile,Bangalore,Failed,Bank Declined
TXN1743,CUST1164,2026-01-11,3680.93,Net Banking,Mobile,Pune,Success,None
TXN2899,CUST1472,2026-01-11,9536.89,UPI,Mobile,Mumbai,Success,None
TXN1006,CUST1064,2026-01-11,5942.9,UPI,Mobile,Mumbai,Success,None
TXN1791,CUST1363,2026-01-11,1335.88,Credit Card,Tablet,Bangalore,Success,None
TXN0257,CUST1233,2026-01-11,853.09,UPI,Mobile,Pune,Success,None
TXN2846,CUST1303,2026-01-11,4455.43,UPI,Tablet,Pune,Failed,Network Error
TXN0182,CUST1502,2026-01-12,1479.31,UPI,Mobile,Chennai,Success,None
TXN1699,CUST1457,2026-01-12,924.27,Credit Card,Mobile,Hyderabad,Success,None
TXN1669,CUST1304,2026-01-12,511.0,UPI,Mobile,Delhi,Success,None
TXN0232,CUST1639,2026-01-12,786.79,Debit Card,Mobile,Mumbai,Success,None
TXN1004,CUST1800,2026-01-12,1194.25,UPI,Mobile,Pune,Success,None
TXN0807,CUST1395,2026-01-12,950.88,Credit Card,Mobile,Bangalore,Success,None
TXN0832,CUST1657,2026-01-12,1250.26,Credit Card,Mobile,Bangalore,Success,None
TXN0444,CUST1437,2026-01-12,2341.01,UPI,Mobile,Chennai,Success,None
TXN2743,CUST1823,2026-01-12,864.46,UPI,Mobile,Chennai,Success,None
TXN0791,CUST1914,2026-01-12,527.19,Credit Card,Mobile,Pune,Success,None
TXN2786,CUST1038,2026-01-12,394.1,UPI,Mobile,Delhi,Success,None
TXN1125,CUST1400,2026-01-12,761.02,UPI,Tablet,Chennai,Success,None
TXN2115,CUST1844,2026-01-12,1581.5,Debit Card,Desktop,Hyderabad,Success,None
TXN1183,CUST1045,2026-01-12,2021.39,Credit Card,Desktop,Chennai,Success,None
TXN1364,CUST1893,2026-01-12,1065.94,Credit Card,Desktop,Mumbai,Success,None
TXN2838,CUST1963,2026-01-12,419.83,Debit Card,Desktop,Chennai,Success,None
TXN0134,CUST1856,2026-01-12,887.9,UPI,Mobile,Hyderabad,Success,None
TXN1529,CUST1068,2026-01-12,1871.2,Net Banking,Mobile,Chennai,Success,None
TXN1063,CUST1071,2026-01-12,531.05,Debit Card,Mobile,Hyderabad,Success,None
TXN0516,CUST1784,2026-01-12,1760.77,UPI,Mobile,Mumbai,Success,None
TXN1586,CUST1000,2026-01-13,723.91,Credit Card,Mobile,Hyderabad,Success,None
TXN2482,CUST1213,2026-01-13,553.7,Net Banking,Desktop,Bangalore,Success,None
TXN0843,CUST1173,2026-01-13,420.82,UPI,Desktop,Hyderabad,Success,None
TXN0509,CUST1662,2026-01-13,311.78,Debit Card,Mobile,Hyderabad,Success,None
TXN1654,CUST1560,2026-01-13,855.83,Debit Card,Mobile,Pune,Success,None
TXN0462,CUST1191,2026-01-13,1081.79,UPI,Mobile,Chennai,Success,None
TXN0095,CUST1771,2026-01-13,771.55,UPI,Mobile,Bangalore,Success,None
TXN0412,CUST1719,2026-01-13,645.16,UPI,Mobile,Hyderabad,Success,None
TXN1499,CUST1864,2026-01-13,1004.77,UPI,Mobile,Bangalore,Success,None
TXN2930,CUST1132,2026-01-13,1414.99,UPI,Desktop,Bangalore,Failed,Network Error
TXN2700,CUST1423,2026-01-13,1727.21,Net Banking,Mobile,Delhi,Success,None
TXN1612,CUST1902,2026-01-13,1036.22,Credit Card,Desktop,Delhi,Success,None
TXN0306,CUST1202,2026-01-13,873.13,Wallet,Mobile,Chennai,Success,None
TXN2089,CUST1664,2026-01-13,964.19,Credit Card,Tablet,Chennai,Success,None
TXN2883,CUST1330,2026-01-13,876.49,Debit Card,Mobile,Pune,Failed,Network Error
TXN1642,CUST1966,2026-01-13,892.46,Credit Card,Tablet,Hyderabad,Success,None
TXN1482,CUST1419,2026-01-13,606.93,Credit Card,Desktop,Delhi,Failed,Technical Error
TXN2605,CUST1034,2026-01-13,2797.88,Net Banking,Mobile,Chennai,Success,None
TXN1406,CUST1136,2026-01-13,584.04,UPI,Mobile,Hyderabad,Success,None
TXN2795,CUST1851,2026-01-13,3358.8,UPI,Desktop,Delhi,Success,None
TXN2993,CUST1107,2026-01-13,1051.99,Net Banking,Mobile,Pune,Success,None
TXN2641,CUST1577,2026-01-13,707.43,UPI,Tablet,Chennai,Success,None
TXN2146,CUST1726,2026-01-14,1700.4,Credit Card,Mobile,Pune,Success,None
TXN0550,CUST1353,2026-01-14,1526.7,UPI,Mobile,Pune,Success,None
TXN0517,CUST1103,2026-01-14,1160.44,Credit Card,Mobile,Bangalore,Success,None
TXN0950,CUST1735,2026-01-14,652.25,UPI,Desktop,Mumbai,Success,None
TXN2750,CUST1956,2026-01-14,873.31,Credit Card,Mobile,Delhi,Success,None
TXN0213,CUST1838,2026-01-14,1219.64,UPI,Tablet,Mumbai,Success,None
TXN0657,CUST1911,2026-01-14,1449.41,Credit Card,Desktop,Delhi,Success,None
TXN0766,CUST1036,2026-01-14,406.41,Credit Card,Mobile,Bangalore,Success,None
TXN0196,CUST1863,2026-01-14,893.75,Wallet,Mobile,Pune,Failed,Network Error
TXN2075,CUST1339,2026-01-14,1731.9,Credit Card,Mobile,Delhi,Success,None
TXN2954,CUST1398,2026-01-14,239.45,UPI,Desktop,Pune,Success,None
TXN0292,CUST1224,2026-01-14,478.07,UPI,Tablet,Hyderabad,Success,None
TXN1517,CUST1843,2026-01-14,1641.12,UPI,Mobile,Pune,Success,None
TXN2521,CUST1142,2026-01-15,1719.62,Debit Card,Desktop,Bangalore,Success,None
TXN0422,CUST1915,2026-01-15,723.01,Net Banking,Mobile,Chennai,Success,None
TXN1943,CUST1956,2026-01-15,600.44,Credit Card,Mobile,Delhi,Success,None
TXN2061,CUST1476,2026-01-15,1186.62,Net Banking,Mobile,Chennai,Success,None
TXN1769,CUST1915,2026-01-15,1716.31,UPI,Mobile,Hyderabad,Success,None
TXN2261,CUST1534,2026-01-15,1141.75,Net Banking,Mobile,Pune,Success,None
TXN2032,CUST1981,2026-01-15,1556.16,Net Banking,Mobile,Mumbai,Success,None
TXN0896,CUST1360,2026-01-15,1349.45,Net Banking,Mobile,Bangalore,Success,None
TXN2859,CUST1088,2026-01-15,5688.72,UPI,Mobile,Mumbai,Success,None
TXN1029,CUST1517,2026-01-15,3163.19,UPI,Mobile,Chennai,Success,None
TXN0023,CUST1769,2026-01-15,1113.09,Debit Card,Desktop,Bangalore,Success,None
TXN2927,CUST1153,2026-01-15,633.09,Credit Card,Mobile,Hyderabad,Success,None
TXN1681,CUST1193,2026-01-16,1202.95,Debit Card,Desktop,Chennai,Success,None
TXN0901,CUST1347,2026-01-16,405.53,Credit Card,Mobile,Hyderabad,Success,None
TXN0158,CUST1779,2026-01-16,229.19,Debit Card,Mobile,Chennai,Success,None
TXN2296,CUST1413,2026-01-16,2989.35,UPI,Desktop,Bangalore,Success,None
TXN1472,CUST1553,2026-01-16,310.22,UPI,Mobile,Mumbai,Success,None
TXN2109,CUST1439,2026-01-16,2301.11,Wallet,Desktop,Pune,Failed,Technical Error
TXN1796,CUST1631,2026-01-16,1619.24,Net Banking,Mobile,Mumbai,Success,None
TXN2608,CUST1949,2026-01-16,2345.08,UPI,Mobile,Chennai,Success,None
TXN0999,CUST1241,2026-01-16,1526.97,UPI,Mobile,Bangalore,Success,None
TXN0836,CUST1073,2026-01-16,658.02,Credit Card,Desktop,Hyderabad,Success,None
TXN1617,CUST1528,2026-01-16,754.69,UPI,Mobile,Bangalore,Success,None
TXN2006,CUST1442,2026-01-16,884.51,Credit Card,Mobile,Hyderabad,Failed,Invalid Details
TXN2002,CUST1371,2026-01-16,613.85,Wallet,Desktop,Mumbai,Success,None
TXN1700,CUST1978,2026-01-16,1486.24,Debit Card,Mobile,Chennai,Success,None
TXN0423,CUST1503,2026-01-17,899.63,Credit Card,Desktop,Pune,Success,None
TXN2492,CUST1591,2026-01-17,2080.69,Credit Card,Desktop,Mumbai,Success,None
TXN0546,CUST1882,2026-01-17,776.7,Credit Card,Desktop,Mumbai,Success,None
TXN0330,CUST1659,2026-01-17,3776.9,UPI,Mobile,Mumbai,Success,None
TXN2840,CUST1000,2026-01-17,2970.92,Debit Card,Desktop,Hyderabad,Success,None
TXN1102,CUST1849,2026-01-17,1235.08,Credit Card,Mobile,Hyderabad,Success,None
TXN0891,CUST1659,2026-01-17,2433.03,Credit Card,Tablet,Hyderabad,Success,None
TXN2270,CUST1081,2026-01-17,535.15,UPI,Mobile,Hyderabad,Success,None
TXN1820,CUST1028,2026-01-17,3277.15,Debit Card,Desktop,Pune,Success,None
TXN1668,CUST1284,2026-01-17,2539.98,Credit Card,Mobile,Bangalore,Success,None
TXN1366,CUST1510,2026-01-17,378.12,UPI,Mobile,Delhi,Success,None
TXN2160,CUST1144,2026-01-17,613.26,UPI,Desktop,Chennai,Success,None
TXN0276,CUST1385,2026-01-17,908.4,UPI,Desktop,Pune,Success,None
TXN1734,CUST1087,2026-01-17,715.12,Wallet,Mobile,Mumbai,Success,None
TXN0366,CUST1571,2026-01-17,1079.44,UPI,Desktop,Hyderabad,Success,None
TXN2015,CUST1187,2026-01-17,2014.37,UPI,Mobile,Hyderabad,Success,None
TXN1333,CUST1503,2026-01-17,1105.02,Net Banking,Mobile,Delhi,Success,None
TXN1882,CUST1675,2026-01-17,1199.98,Debit Card,Desktop,Chennai,Success,None
TXN1592,CUST1910,2026-01-17,2919.05,UPI,Mobile,Mumbai,Success,None
TXN2480,CUST1391,2026-01-17,964.5,UPI,Mobile,Mumbai,Success,None
TXN0723,CUST1753,2026-01-17,662.95,UPI,Desktop,Chennai,Failed,Insufficient Funds
TXN1883,CUST1112,2026-01-18,744.08,UPI,Mobile,Hyderabad,Success,None
TXN2921,CUST1815,2026-01-18,368.47,Debit Card,Desktop,Bangalore,Success,None
TXN1806,CUST1520,2026-01-18,487.41,UPI,Mobile,Chennai,Success,None
TXN0446,CUST1282,2026-01-18,3003.74,UPI,Mobile,Delhi,Success,None
TXN2340,CUST1459,2026-01-18,1243.08,Wallet,Mobile,Delhi,Success,None
TXN2943,CUST1497,2026-01-18,4006.76,UPI,Mobile,Hyderabad,Success,None
TXN1288,CUST1442,2026-01-18,2376.68,Net Banking,Desktop,Mumbai,Success,None
TXN2430,CUST1939,2026-01-18,842.37,UPI,Desktop,Chennai,Success,None
TXN1542,CUST1362,2026-01-18,703.23,Credit Card,Mobile,Hyderabad,Success,None
TXN1631,CUST1855,2026-01-18,768.61,UPI,Desktop,Chennai,Success,None
TXN1427,CUST1164,2026-01-19,994.92,UPI,Tablet,Chennai,Success,None
TXN0478,CUST1348,2026-01-19,983.49,Credit Card,Mobile,Delhi,Success,None
TXN1237,CUST1507,2026-01-19,1232.66,Net Banking,Mobile,Pune,Success,None
TXN1807,CUST1551,2026-01-19,1259.35,Debit Card,Mobile,Hyderabad,Success,None
TXN1121,CUST1796,2026-01-19,259.67,Debit Card,Mobile,Delhi,Success,None
TXN0576,CUST1052,2026-01-19,1642.14,Net Banking,Mobile,Delhi,Failed,Invalid Details
TXN2726,CUST1512,2026-01-19,513.57,Net Banking,Desktop,Delhi,Success,None
TXN0829,CUST1732,2026-01-19,939.49,Wallet,Desktop,Hyderabad,Success,None
TXN1503,CUST1158,2026-01-19,1454.48,Credit Card,Desktop,Delhi,Success,None
TXN0038,CUST1856,2026-01-19,779.76,Credit Card,Mobile,Hyderabad,Success,None
TXN2137,CUST1752,2026-01-19,573.34,Credit Card,Mobile,Mumbai,Success,None
TXN2304,CUST1571,2026-01-19,2299.89,Net Banking,Desktop,Pune,Success,None
TXN2459,CUST1394,2026-01-19,2168.29,Credit Card,Desktop,Bangalore,Success,None
TXN0969,CUST1868,2026-01-19,411.03,UPI,Mobile,Delhi,Success,None
TXN0078,CUST1955,2026-01-19,1104.24,Credit Card,Mobile,Pune,Failed,Technical Error
TXN0960,CUST1347,2026-01-19,738.15,Debit Card,Mobile,Pune,Failed,Bank Declined
TXN1338,CUST1193,2026-01-19,1674.41,UPI,Desktop,Delhi,Success,None
TXN0522,CUST1175,2026-01-20,2087.65,UPI,Mobile,Mumbai,Failed,Bank Declined
TXN0532,CUST1524,2026-01-20,490.51,Net Banking,Desktop,Mumbai,Success,None
TXN2188,CUST1520,2026-01-20,2190.88,Debit Card,Mobile,Hyderabad,Success,None
TXN2834,CUST1986,2026-01-20,500.41,Credit Card,Mobile,Bangalore,Failed,Technical Error
TXN2789,CUST1494,2026-01-20,876.87,UPI,Mobile,Pune,Success,None
TXN0205,CUST1230,2026-01-20,3056.78,Credit Card,Mobile,Delhi,Success,None
TXN0545,CUST1971,2026-01-20,1021.51,UPI,Mobile,Pune,Success,None
TXN2547,CUST1083,2026-01-20,855.27,UPI,Mobile,Delhi,Success,None
TXN2732,CUST1120,2026-01-20,4561.06,Debit Card,Mobile,Hyderabad,Success,None
TXN2999,CUST1958,2026-01-20,581.28,Credit Card,Mobile,Delhi,Success,None
TXN1361,CUST1319,2026-01-20,481.44,Debit Card,Desktop,Pune,Success,None
TXN1012,CUST1852,2026-01-20,694.39,Wallet,Desktop,Mumbai,Success,None
TXN0755,CUST1738,2026-01-20,1432.79,Debit Card,Tablet,Pune,Success,None
TXN2688,CUST1129,2026-01-20,1191.63,UPI,Mobile,Mumbai,Success,None
TXN0240,CUST1376,2026-01-20,533.79,Debit Card,Desktop,Mumbai,Success,None
TXN1039,CUST1996,2026-01-20,1899.5,Net Banking,Mobile,Hyderabad,Success,None
TXN2853,CUST1703,2026-01-20,978.87,Credit Card,Mobile,Pune,Success,None
TXN0875,CUST1875,2026-01-21,1217.55,Debit Card,Mobile,Pune,Success,None
TXN0325,CUST1186,2026-01-21,2291.48,Debit Card,Desktop,Hyderabad,Success,None
TXN1197,CUST1055,2026-01-21,1196.21,UPI,Mobile,Pune,Success,None
TXN0342,CUST1819,2026-01-21,831.07,Debit Card,Desktop,Mumbai,Success,None
TXN0019,CUST1663,2026-01-21,720.86,UPI,Desktop,Chennai,Success,None
TXN0671,CUST1757,2026-01-21,412.46,Wallet,Mobile,Mumbai,Success,None
TXN1419,CUST1778,2026-01-21,1866.73,Net Banking,Mobile,Pune,Failed,Insufficient Funds
TXN0841,CUST1229,2026-01-21,1050.85,UPI,Mobile,Bangalore,Success,None
TXN2364,CUST1270,2026-01-21,832.22,UPI,Mobile,Pune,Success,None
TXN2377,CUST1538,2026-01-21,1496.1,Wallet,Mobile,Pune,Success,None
TXN0754,CUST1191,2026-01-21,1468.29,UPI,Mobile,Chennai,Success,None
TXN0369,CUST1896,2026-01-21,1156.45,UPI,Mobile,Chennai,Success,None
TXN1319,CUST1547,2026-01-21,1024.05,Credit Card,Mobile,Chennai,Success,None
TXN0691,CUST1987,2026-01-21,2198.98,Debit Card,Mobile,Mumbai,Success,None
TXN1500,CUST1117,2026-01-21,624.24,Credit Card,Mobile,Mumbai,Success,None
TXN1036,CUST1770,2026-01-21,743.44,Wallet,Desktop,Mumbai,Success,None
TXN2758,CUST1019,2026-01-21,820.51,Debit Card,Mobile,Chennai,Success,None
TXN1596,CUST1308,2026-01-21,1704.43,UPI,Mobile,Pune,Success,None
TXN1104,CUST1334,2026-01-21,1255.54,Credit Card,Mobile,Bangalore,Success,None
TXN0919,CUST1814,2026-01-21,575.7,Credit Card,Mobile,Pune,Success,None
TXN1772,CUST1385,2026-01-21,2541.55,Net Banking,Mobile,Hyderabad,Success,None
TXN2597,CUST1351,2026-01-21,1274.94,UPI,Tablet,Delhi,Success,None
TXN1641,CUST1048,2026-01-21,1553.1,UPI,Mobile,Delhi,Success,None
TXN1855,CUST1820,2026-01-22,4069.08,Credit Card,Mobile,Mumbai,Success,None
TXN2102,CUST1804,2026-01-22,826.83,UPI,Mobile,Chennai,Failed,Network Error
TXN2003,CUST1934,2026-01-22,421.75,Debit Card,Desktop,Pune,Success,None
TXN2645,CUST1773,2026-01-22,3317.25,Debit Card,Mobile,Delhi,Success,None
TXN1906,CUST1848,2026-01-22,608.69,UPI,Desktop,Bangalore,Success,None
TXN0431,CUST1687,2026-01-22,618.69,UPI,Desktop,Pune,Success,None
TXN2533,CUST1008,2026-01-22,1498.68,UPI,Desktop,Pune,Success,None
TXN0472,CUST1517,2026-01-22,4988.07,Credit Card,Mobile,Hyderabad,Success,None
TXN1733,CUST1095,2026-01-22,955.38,UPI,Mobile,Delhi,Success,None
TXN2917,CUST1002,2026-01-22,727.37,Net Banking,Mobile,Delhi,Success,None
TXN1297,CUST1661,2026-01-22,1281.98,Credit Card,Mobile,Mumbai,Success,None
TXN2183,CUST1194,2026-01-22,305.41,Debit Card,Mobile,Delhi,Success,None
TXN2661,CUST1866,2026-01-22,919.24,Credit Card,Desktop,Hyderabad,Success,None
TXN2895,CUST1916,2026-01-22,2711.64,UPI,Mobile,Pune,Success,None
TXN2224,CUST1567,2026-01-22,1285.24,Debit Card,Mobile,Chennai,Failed,Network Error
TXN0459,CUST1658,2026-01-22,1737.42,Credit Card,Mobile,Chennai,Success,None
TXN1410,CUST1546,2026-01-22,271.54,Debit Card,Desktop,Hyderabad,Success,None
TXN1524,CUST1931,2026-01-22,2127.81,Debit Card,Mobile,Delhi,Success,None
TXN0731,CUST1969,2026-01-22,1534.22,Wallet,Mobile,Delhi,Success,None
TXN2626,CUST1381,2026-01-23,444.36,Debit Card,Tablet,Bangalore,Success,None
TXN2375,CUST1021,2026-01-23,2764.25,Debit Card,Mobile,Pune,Success,None
TXN1216,CUST1725,2026-01-23,434.04,Credit Card,Mobile,Chennai,Failed,Bank Declined
TXN1193,CUST1046,2026-01-23,2861.3,Wallet,Desktop,Pune,Success,None
TXN0783,CUST1396,2026-01-23,738.42,UPI,Desktop,Pune,Success,None
TXN2649,CUST1370,2026-01-23,1834.89,Net Banking,Desktop,Chennai,Success,None
TXN1959,CUST1726,2026-01-23,568.05,UPI,Mobile,Mumbai,Success,None
TXN1452,CUST1142,2026-01-23,527.61,Wallet,Desktop,Bangalore,Success,None
TXN0887,CUST1753,2026-01-23,733.81,Credit Card,Mobile,Bangalore,Success,None
TXN1927,CUST1802,2026-01-23,1046.47,Net Banking,Mobile,Pune,Success,None
TXN0479,CUST1496,2026-01-23,1874.95,UPI,Mobile,Delhi,Success,None
TXN1508,CUST1947,2026-01-23,2293.29,UPI,Desktop,Chennai,Success,None
TXN0142,CUST1138,2026-01-23,1485.3,Credit Card,Mobile,Delhi,Success,None
TXN1584,CUST1982,2026-01-23,707.6,UPI,Mobile,Pune,Success,None
TXN0636,CUST1789,2026-01-24,859.37,Credit Card,Mobile,Pune,Success,None
TXN1947,CUST1822,2026-01-24,1743.37,Credit Card,Desktop,Chennai,Failed,Insufficient Funds
TXN1951,CUST1317,2026-01-24,683.51,Net Banking,Mobile,Chennai,Success,None
TXN0556,CUST1050,2026-01-24,518.57,Debit Card,Mobile,Delhi,Success,None
TXN0534,CUST1505,2026-01-24,1237.42,Debit Card,Mobile,Mumbai,Success,None
TXN1952,CUST1591,2026-01-24,2461.95,UPI,Desktop,Pune,Success,None
TXN2180,CUST1987,2026-01-24,946.5,UPI,Mobile,Chennai,Success,None
TXN1657,CUST1735,2026-01-24,2814.81,UPI,Desktop,Chennai,Success,None
TXN2152,CUST1752,2026-01-24,3818.9,UPI,Mobile,Delhi,Success,None
TXN1671,CUST1476,2026-01-24,965.53,Debit Card,Desktop,Mumbai,Success,None
TXN1326,CUST1074,2026-01-24,6949.23,UPI,Mobile,Mumbai,Success,None
TXN1589,CUST1566,2026-01-24,2359.65,UPI,Mobile,Bangalore,Success,None
TXN0076,CUST1091,2026-01-24,1539.81,UPI,Mobile,Hyderabad,Success,None
TXN1993,CUST1687,2026-01-25,1184.63,UPI,Mobile,Delhi,Success,None
TXN0228,CUST1339,2026-01-25,675.53,UPI,Tablet,Bangalore,Success,None
TXN1594,CUST1430,2026-01-25,1578.56,UPI,Mobile,Pune,Success,None
TXN0223,CUST1645,2026-01-25,1756.47,Debit Card,Mobile,Bangalore,Failed,Bank Declined
TXN0485,CUST1992,2026-01-25,226.02,Debit Card,Mobile,Mumbai,Success,None
TXN1505,CUST1227,2026-01-25,772.58,UPI,Mobile,Bangalore,Success,None
TXN2228,CUST1858,2026-01-25,1055.61,UPI,Mobile,Bangalore,Success,None
TXN2721,CUST1132,2026-01-25,467.67,UPI,Mobile,Pune,Success,None
TXN2960,CUST1323,2026-01-25,1380.22,UPI,Desktop,Hyderabad,Success,None
TXN0208,CUST1170,2026-01-25,1402.01,Credit Card,Mobile,Pune,Success,None
TXN0207,CUST1654,2026-01-25,4415.6,Debit Card,Mobile,Delhi,Success,None
TXN0852,CUST1516,2026-01-25,740.08,Credit Card,Mobile,Chennai,Success,None
TXN0855,CUST1421,2026-01-25,2920.47,Credit Card,Mobile,Bangalore,Success,None
TXN2502,CUST1864,2026-01-25,100.0,Credit Card,Mobile,Delhi,Success,None
TXN1739,CUST1490,2026-01-25,2870.81,Debit Card,Mobile,Chennai,Failed,Bank Declined
TXN0947,CUST1970,2026-01-25,1229.53,UPI,Desktop,Pune,Success,None
TXN2494,CUST1085,2026-01-25,472.12,UPI,Mobile,Hyderabad,Success,None
TXN1438,CUST1088,2026-01-25,681.43,Credit Card,Desktop,Delhi,Success,None
TXN2499,CUST1935,2026-01-26,981.42,Net Banking,Mobile,Mumbai,Success,None
TXN0021,CUST1661,2026-01-26,5925.58,Debit Card,Tablet,Pune,Success,None
TXN2801,CUST1335,2026-01-26,337.91,UPI,Desktop,Pune,Success,None
TXN0316,CUST1197,2026-01-26,2509.02,Debit Card,Mobile,Delhi,Success,None
TXN0772,CUST1216,2026-01-26,675.24,UPI,Mobile,Hyderabad,Success,None
TXN1738,CUST1813,2026-01-26,1016.5,Net Banking,Mobile,Hyderabad,Failed,Network Error
TXN2886,CUST1821,2026-01-26,505.46,Net Banking,Tablet,Chennai,Success,None
TXN1032,CUST1708,2026-01-26,2314.18,Wallet,Tablet,Chennai,Success,None
TXN2479,CUST1424,2026-01-26,2585.9,UPI,Mobile,Chennai,Success,None
TXN2484,CUST1087,2026-01-26,888.37,Net Banking,Mobile,Chennai,Failed,Invalid Details
TXN1430,CUST1378,2026-01-26,863.66,UPI,Desktop,Chennai,Success,None
TXN1916,CUST1712,2026-01-26,871.82,UPI,Desktop,Chennai,Success,None
TXN1758,CUST1623,2026-01-26,5387.08,Credit Card,Mobile,Hyderabad,Success,None
TXN2086,CUST1145,2026-01-27,1525.3,UPI,Mobile,Hyderabad,Success,None
TXN2687,CUST1083,2026-01-27,1074.93,UPI,Mobile,Chennai,Success,None
TXN2202,CUST1900,2026-01-27,1203.45,UPI,Mobile,Delhi,Success,None
TXN0850,CUST1633,2026-01-27,1115.53,UPI,Mobile,Mumbai,Success,None
TXN1065,CUST1153,2026-01-27,1857.3,Credit Card,Mobile,Chennai,Success,None
TXN2120,CUST1771,2026-01-27,1962.13,UPI,Tablet,Delhi,Success,None
TXN1948,CUST1496,2026-01-27,571.8,Debit Card,Mobile,Bangalore,Success,None
TXN1491,CUST1253,2026-01-27,2263.32,UPI,Desktop,Delhi,Success,None
TXN0466,CUST1171,2026-01-27,1296.18,UPI,Desktop,Delhi,Failed,Insufficient Funds
TXN0814,CUST1150,2026-01-27,1271.71,Debit Card,Mobile,Chennai,Success,None
TXN2252,CUST1421,2026-01-27,470.38,UPI,Mobile,Chennai,Success,None
TXN2373,CUST1973,2026-01-27,825.34,Credit Card,Tablet,Bangalore,Failed,Network Error
TXN1685,CUST1113,2026-01-27,1003.03,Net Banking,Mobile,Mumbai,Success,None
TXN0101,CUST1555,2026-01-27,1049.57,Debit Card,Mobile,Mumbai,Success,None
TXN2656,CUST1529,2026-01-28,1019.47,UPI,Desktop,Bangalore,Success,None
TXN1168,CUST1402,2026-01-28,499.94,Net Banking,Mobile,Delhi,Success,None
TXN1633,CUST1176,2026-01-28,1287.43,Wallet,Mobile,Hyderabad,Success,None
TXN0343,CUST1488,2026-01-28,798.57,Debit Card,Mobile,Pune,Success,None
TXN1637,CUST1665,2026-01-28,2014.16,UPI,Mobile,Chennai,Success,None
TXN2443,CUST1272,2026-01-28,1667.08,UPI,Desktop,Delhi,Success,None
TXN0377,CUST1232,2026-01-28,3413.64,UPI,Mobile,Chennai,Success,None
TXN2879,CUST1396,2026-01-28,351.91,Net Banking,Mobile,Bangalore,Success,None
TXN0717,CUST1011,2026-01-28,369.01,UPI,Tablet,Bangalore,Failed,Network Error
TXN0771,CUST1278,2026-01-28,2804.56,UPI,Mobile,Chennai,Success,None
TXN1045,CUST1144,2026-01-28,743.94,Credit Card,Desktop,Hyderabad,Success,None
TXN1605,CUST1574,2026-01-28,1799.08,UPI,Mobile,Bangalore,Success,None
TXN1732,CUST1802,2026-01-28,417.73,UPI,Mobile,Bangalore,Success,None
TXN1196,CUST1238,2026-01-28,751.39,UPI,Desktop,Bangalore,Success,None
TXN0961,CUST1675,2026-01-28,2535.21,Net Banking,Desktop,Pune,Success,None
TXN2738,CUST1164,2026-01-28,931.14,Credit Card,Mobile,Chennai,Failed,Insufficient Funds
TXN1342,CUST1025,2026-01-28,1217.49,UPI,Mobile,Hyderabad,Success,None
TXN2322,CUST1905,2026-01-28,1728.75,UPI,Desktop,Delhi,Failed,Insufficient Funds
TXN2229,CUST1972,2026-01-28,807.51,UPI,Mobile,Delhi,Success,None
TXN0461,CUST1546,2026-01-29,4357.29,Net Banking,Mobile,Pune,Success,None
TXN0464,CUST1511,2026-01-29,515.13,UPI,Mobile,Hyderabad,Success,None
TXN2724,CUST1682,2026-01-29,499.74,Debit Card,Tablet,Delhi,Success,None
TXN0338,CUST1146,2026-01-29,1348.57,Credit Card,Mobile,Pune,Success,None
TXN1158,CUST1194,2026-01-29,684.07,UPI,Mobile,Hyderabad,Success,None
TXN2151,CUST1889,2026-01-29,1364.93,UPI,Mobile,Bangalore,Success,None
TXN2809,CUST1775,2026-01-29,1305.78,UPI,Mobile,Mumbai,Success,None
TXN1672,CUST1285,2026-01-29,1208.01,Credit Card,Mobile,Hyderabad,Success,None
TXN2496,CUST1659,2026-01-29,584.81,UPI,Mobile,Chennai,Failed,Bank Declined
TXN2415,CUST1059,2026-01-29,641.92,UPI,Mobile,Hyderabad,Success,None
TXN2586,CUST1308,2026-01-29,816.38,Debit Card,Mobile,Delhi,Success,None
TXN1816,CUST1493,2026-01-29,1830.09,Credit Card,Mobile,Delhi,Success,None
TXN1290,CUST1314,2026-01-29,764.74,Debit Card,Desktop,Chennai,Success,None
TXN0481,CUST1180,2026-01-30,2582.72,Net Banking,Desktop,Delhi,Success,None
TXN0874,CUST1444,2026-01-30,1764.64,Credit Card,Mobile,Mumbai,Success,None
TXN1277,CUST1368,2026-01-30,900.31,Credit Card,Mobile,Bangalore,Success,None
TXN1207,CUST1007,2026-01-30,831.06,Debit Card,Mobile,Pune,Success,None
TXN0571,CUST1053,2026-01-30,2614.43,UPI,Mobile,Hyderabad,Success,None
TXN0119,CUST1337,2026-01-30,1241.47,UPI,Mobile,Hyderabad,Success,None
TXN0978,CUST1928,2026-01-30,535.13,Credit Card,Mobile,Pune,Success,None
TXN1423,CUST1827,2026-01-30,1213.85,Debit Card,Mobile,Pune,Success,None
TXN0141,CUST1062,2026-01-30,1481.33,Debit Card,Mobile,Mumbai,Success,None
TXN0943,CUST1258,2026-01-30,3017.26,Debit Card,Desktop,Chennai,Success,None
TXN1991,CUST1136,2026-01-30,5634.19,UPI,Tablet,Bangalore,Success,None
TXN1433,CUST1573,2026-01-30,1939.33,UPI,Mobile,Delhi,Success,None
TXN1525,CUST1291,2026-01-30,412.4,Wallet,Mobile,Mumbai,Success,None
TXN2526,CUST1304,2026-01-30,663.4,Credit Card,Desktop,Mumbai,Success,None
TXN0152,CUST1230,2026-01-30,1048.1,UPI,Desktop,Mumbai,Success,None
TXN2988,CUST1344,2026-01-31,505.76,Debit Card,Mobile,Mumbai,Failed,Bank Declined
TXN1506,CUST1876,2026-01-31,1490.63,UPI,Mobile,Hyderabad,Success,None
TXN0126,CUST1187,2026-01-31,4705.73,Net Banking,Mobile,Delhi,Success,None
TXN2981,CUST1669,2026-01-31,1365.87,UPI,Mobile,Bangalore,Success,None
TXN1254,CUST1085,2026-01-31,962.16,UPI,Mobile,Bangalore,Failed,Network Error
TXN0645,CUST1085,2026-01-31,2542.01,UPI,Mobile,Bangalore,Success,None
TXN2008,CUST1614,2026-01-31,1218.82,Net Banking,Tablet,Pune,Failed,Technical Error
TXN1408,CUST1587,2026-01-31,466.49,UPI,Mobile,Chennai,Success,None
TXN0238,CUST1224,2026-01-31,489.65,UPI,Mobile,Mumbai,Success,None
TXN2691,CUST1144,2026-01-31,1725.26,Credit Card,Mobile,Bangalore,Failed,Network Error
TXN2897,CUST1827,2026-01-31,458.51,UPI,Mobile,Hyderabad,Success,None
TXN0250,CUST1455,2026-01-31,1395.56,Net Banking,Mobile,Bangalore,Success,None
TXN1615,CUST1417,2026-01-31,1578.68,Net Banking,Desktop,Pune,Success,None
TXN0434,CUST1882,2026-02-01,2438.89,Credit Card,Desktop,Bangalore,Success,None
TXN0441,CUST1229,2026-02-01,2264.27,Debit Card,Mobile,Pune,Success,None
TXN0752,CUST1456,2026-02-01,2294.08,Debit Card,Tablet,Pune,Failed,Network Error
TXN0417,CUST1579,2026-02-01,1175.44,Net Banking,Mobile,Pune,Success,None
TXN0233,CUST1505,2026-02-01,1154.48,Debit Card,Tablet,Delhi,Success,None
TXN2386,CUST1302,2026-02-01,1442.52,Wallet,Mobile,Bangalore,Success,None
TXN0156,CUST1200,2026-02-01,1514.99,Net Banking,Mobile,Bangalore,Success,None
TXN1509,CUST1695,2026-02-01,556.32,UPI,Mobile,Mumbai,Failed,Network Error
TXN2010,CUST1525,2026-02-01,2643.76,Debit Card,Desktop,Bangalore,Success,None
TXN2932,CUST1303,2026-02-01,1328.05,Credit Card,Mobile,Delhi,Success,None
TXN0418,CUST1800,2026-02-01,608.38,Credit Card,Desktop,Bangalore,Success,None
TXN2974,CUST1750,2026-02-01,1667.16,Credit Card,Mobile,Delhi,Success,None
TXN0082,CUST1775,2026-02-01,1941.48,Credit Card,Desktop,Chennai,Success,None
TXN1210,CUST1252,2026-02-01,2414.29,UPI,Desktop,Bangalore,Success,None
TXN2063,CUST1244,2026-02-01,816.45,Debit Card,Mobile,Mumbai,Success,None
TXN1731,CUST1417,2026-02-01,2849.38,Credit Card,Desktop,Bangalore,Success,None
TXN2751,CUST1915,2026-02-01,3407.96,UPI,Desktop,Pune,Success,None
TXN0830,CUST1234,2026-02-01,572.66,UPI,Desktop,Mumbai,Success,None
TXN2245,CUST1556,2026-02-01,655.36,UPI,Desktop,Pune,Success,None
TXN1694,CUST1054,2026-02-02,885.86,Credit Card,Mobile,Chennai,Success,None
TXN2074,CUST1358,2026-02-02,1415.36,Credit Card,Desktop,Hyderabad,Success,None
TXN2141,CUST1773,2026-02-02,4026.09,Credit Card,Desktop,Pune,Success,None
TXN0711,CUST1167,2026-02-02,734.7,UPI,Desktop,Hyderabad,Success,None
TXN0210,CUST1035,2026-02-02,771.37,UPI,Mobile,Chennai,Success,None
TXN2133,CUST1225,2026-02-02,767.02,Net Banking,Mobile,Bangalore,Success,None
TXN0899,CUST1386,2026-02-02,1341.96,Debit Card,Mobile,Mumbai,Success,None
TXN2433,CUST1827,2026-02-02,1680.56,Credit Card,Mobile,Delhi,Failed,Technical Error
TXN2458,CUST1583,2026-02-02,860.32,Credit Card,Desktop,Hyderabad,Failed,Technical Error
TXN2198,CUST1974,2026-02-03,4628.97,Credit Card,Desktop,Delhi,Success,None
TXN1955,CUST1775,2026-02-03,855.27,Credit Card,Desktop,Delhi,Success,None
TXN2288,CUST1865,2026-02-03,613.6,UPI,Mobile,Hyderabad,Success,None
TXN2852,CUST1961,2026-02-03,879.71,Wallet,Desktop,Delhi,Success,None
TXN0317,CUST1981,2026-02-03,1536.48,UPI,Mobile,Delhi,Success,None
TXN1866,CUST1575,2026-02-03,4437.27,Credit Card,Mobile,Bangalore,Success,None
TXN0880,CUST1857,2026-02-03,528.85,Debit Card,Mobile,Mumbai,Success,None
TXN1485,CUST1440,2026-02-03,719.05,Debit Card,Mobile,Bangalore,Success,None
TXN1466,CUST1197,2026-02-03,3370.66,UPI,Mobile,Pune,Failed,Network Error
TXN1454,CUST1664,2026-02-03,974.3,UPI,Desktop,Bangalore,Success,None
TXN1532,CUST1253,2026-02-03,2764.85,UPI,Desktop,Chennai,Success,None
TXN1228,CUST1311,2026-02-03,770.08,UPI,Mobile,Delhi,Success,None
TXN0344,CUST1928,2026-02-03,2051.46,UPI,Mobile,Hyderabad,Success,None
TXN0188,CUST1206,2026-02-04,313.92,UPI,Mobile,Bangalore,Success,None
TXN0066,CUST1387,2026-02-04,447.84,Credit Card,Mobile,Pune,Success,None
TXN2369,CUST1883,2026-02-04,1120.49,Credit Card,Mobile,Bangalore,Success,None
TXN1422,CUST1269,2026-02-04,715.55,UPI,Tablet,Mumbai,Success,None
TXN1018,CUST1794,2026-02-04,340.73,UPI,Mobile,Bangalore,Success,None
TXN0941,CUST1565,2026-02-04,766.1,Credit Card,Mobile,Chennai,Success,None
TXN1450,CUST1022,2026-02-04,1180.81,Debit Card,Mobile,Delhi,Success,None
TXN0117,CUST1719,2026-02-04,1520.36,UPI,Mobile,Mumbai,Success,None
TXN2702,CUST1951,2026-02-04,479.59,UPI,Mobile,Mumbai,Success,None
TXN2706,CUST1302,2026-02-04,1069.33,Credit Card,Desktop,Chennai,Failed,Technical Error
TXN2177,CUST1951,2026-02-04,786.88,UPI,Mobile,Mumbai,Success,None
TXN2403,CUST1956,2026-02-04,747.78,Debit Card,Mobile,Delhi,Success,None
TXN1285,CUST1281,2026-02-04,2797.88,Credit Card,Tablet,Pune,Success,None
TXN0617,CUST1633,2026-02-04,631.1,Wallet,Desktop,Pune,Success,None
TXN1005,CUST1373,2026-02-04,3234.66,Wallet,Desktop,Delhi,Success,None
TXN1074,CUST1960,2026-02-04,2008.15,Wallet,Mobile,Chennai,Success,None
TXN0161,CUST1047,2026-02-05,1387.49,UPI,Mobile,Delhi,Failed,Technical Error
TXN2536,CUST1358,2026-02-05,1599.06,Debit Card,Mobile,Chennai,Success,None
TXN0396,CUST1851,2026-02-05,1308.73,Net Banking,Mobile,Hyderabad,Success,None
TXN0085,CUST1205,2026-02-05,1629.88,UPI,Mobile,Chennai,Failed,Network Error
TXN1437,CUST1041,2026-02-05,650.85,Debit Card,Desktop,Bangalore,Success,None
TXN0003,CUST1860,2026-02-05,665.02,UPI,Desktop,Bangalore,Success,None
TXN0124,CUST1216,2026-02-05,681.56,Debit Card,Tablet,Delhi,Failed,Invalid Details
TXN1844,CUST1341,2026-02-05,1655.36,UPI,Mobile,Mumbai,Success,None
TXN2600,CUST1058,2026-02-05,995.72,Net Banking,Tablet,Chennai,Success,None
TXN2027,CUST1526,2026-02-05,1236.52,UPI,Mobile,Chennai,Success,None
TXN2884,CUST1640,2026-02-05,203.66,Net Banking,Mobile,Pune,Success,None
TXN1630,CUST1500,2026-02-05,1599.58,UPI,Desktop,Hyderabad,Failed,Insufficient Funds
TXN0648,CUST1973,2026-02-05,1335.96,Credit Card,Mobile,Hyderabad,Success,None
TXN2800,CUST1307,2026-02-05,2227.33,Wallet,Desktop,Mumbai,Failed,Network Error
TXN2390,CUST1083,2026-02-05,1233.33,UPI,Mobile,Pune,Success,None
TXN1442,CUST1294,2026-02-06,460.24,UPI,Desktop,Hyderabad,Success,None
TXN1599,CUST1435,2026-02-06,1433.91,Net Banking,Mobile,Chennai,Success,None
TXN1099,CUST1805,2026-02-06,1655.83,Credit Card,Mobile,Bangalore,Success,None
TXN1439,CUST1401,2026-02-06,3480.21,Net Banking,Mobile,Hyderabad,Success,None
TXN1281,CUST1424,2026-02-06,1148.96,UPI,Mobile,Delhi,Success,None
TXN0055,CUST1243,2026-02-06,1783.82,UPI,Mobile,Bangalore,Success,None
TXN2797,CUST1383,2026-02-06,3792.67,UPI,Mobile,Pune,Success,None
TXN2827,CUST1144,2026-02-06,1503.82,UPI,Mobile,Delhi,Success,None
TXN2862,CUST1584,2026-02-06,1990.42,UPI,Mobile,Chennai,Success,None
TXN0536,CUST1824,2026-02-06,1369.23,UPI,Mobile,Chennai,Success,None
TXN0034,CUST1313,2026-02-06,586.72,Credit Card,Mobile,Bangalore,Success,None
TXN2337,CUST1226,2026-02-06,631.92,Credit Card,Mobile,Delhi,Failed,Insufficient Funds
TXN2324,CUST1704,2026-02-06,2930.46,Debit Card,Mobile,Bangalore,Success,None
TXN2940,CUST1342,2026-02-07,205.71,Wallet,Mobile,Pune,Success,None
TXN1544,CUST1217,2026-02-07,1054.38,Credit Card,Desktop,Chennai,Success,None
TXN1403,CUST1884,2026-02-07,4296.67,UPI,Mobile,Chennai,Success,None
TXN0159,CUST1929,2026-02-07,1461.96,UPI,Tablet,Hyderabad,Success,None
TXN2685,CUST1230,2026-02-07,731.92,Credit Card,Desktop,Hyderabad,Success,None
TXN0540,CUST1320,2026-02-07,1485.42,UPI,Mobile,Hyderabad,Failed,Network Error
TXN0386,CUST1119,2026-02-07,901.72,UPI,Desktop,Mumbai,Success,None
TXN1246,CUST1630,2026-02-07,1934.96,UPI,Desktop,Delhi,Success,None
TXN1195,CUST1213,2026-02-07,1293.0,UPI,Mobile,Delhi,Success,None
TXN0917,CUST1172,2026-02-07,523.52,Debit Card,Mobile,Hyderabad,Failed,Bank Declined
TXN2359,CUST1976,2026-02-07,1180.49,UPI,Desktop,Chennai,Success,None
TXN1775,CUST1118,2026-02-07,721.79,Wallet,Mobile,Chennai,Success,None
TXN2632,CUST1946,2026-02-07,1666.62,Credit Card,Mobile,Hyderabad,Success,None
TXN1038,CUST1022,2026-02-07,1635.96,Wallet,Mobile,Bangalore,Success,None
TXN2302,CUST1830,2026-02-07,709.16,UPI,Desktop,Delhi,Success,None
TXN0937,CUST1142,2026-02-07,2106.79,UPI,Mobile,Hyderabad,Failed,Technical Error
TXN1984,CUST1085,2026-02-07,2929.17,UPI,Mobile,Chennai,Success,None
TXN0746,CUST1728,2026-02-07,335.33,Credit Card,Mobile,Hyderabad,Success,None
TXN0482,CUST1606,2026-02-08,481.84,UPI,Mobile,Bangalore,Success,None
TXN2186,CUST1331,2026-02-08,453.31,UPI,Desktop,Mumbai,Success,None
TXN1089,CUST1852,2026-02-08,470.73,Debit Card,Mobile,Bangalore,Success,None
TXN2395,CUST1386,2026-02-08,888.71,Credit Card,Tablet,Chennai,Success,None
TXN0633,CUST1703,2026-02-08,585.08,UPI,Mobile,Pune,Success,None
TXN1486,CUST1096,2026-02-08,1369.96,Credit Card,Mobile,Chennai,Success,None
TXN2277,CUST1294,2026-02-08,462.42,Net Banking,Mobile,Delhi,Success,None
TXN2320,CUST1917,2026-02-08,684.03,Net Banking,Mobile,Hyderabad,Success,None
TXN2945,CUST1890,2026-02-08,972.45,UPI,Desktop,Delhi,Success,None
TXN2878,CUST1593,2026-02-08,1154.17,Net Banking,Mobile,Delhi,Success,None
TXN1833,CUST1933,2026-02-08,1485.39,UPI,Mobile,Mumbai,Success,None
TXN1109,CUST1307,2026-02-08,490.23,UPI,Mobile,Bangalore,Failed,Bank Declined
TXN0926,CUST1228,2026-02-08,790.39,Credit Card,Mobile,Pune,Success,None
TXN2404,CUST1162,2026-02-08,683.64,Credit Card,Desktop,Mumbai,Success,None
TXN2958,CUST1050,2026-02-08,213.42,Debit Card,Mobile,Hyderabad,Success,None
TXN2001,CUST1989,2026-02-08,527.12,Credit Card,Mobile,Bangalore,Success,None
TXN2582,CUST1684,2026-02-08,1890.47,Credit Card,Mobile,Pune,Failed,Network Error
TXN1494,CUST1833,2026-02-08,2180.97,Credit Card,Desktop,Chennai,Success,None
TXN1167,CUST1050,2026-02-08,461.88,Debit Card,Desktop,Mumbai,Success,None
TXN0443,CUST1562,2026-02-08,1096.54,Wallet,Tablet,Hyderabad,Success,None
TXN2476,CUST1728,2026-02-08,673.09,Net Banking,Desktop,Chennai,Success,None
TXN1179,CUST1644,2026-02-09,3410.74,Debit Card,Desktop,Chennai,Success,None
TXN0275,CUST1806,2026-02-09,2558.48,Debit Card,Mobile,Bangalore,Success,None
TXN2613,CUST1331,2026-02-09,1087.29,UPI,Desktop,Hyderabad,Failed,Technical Error
TXN2289,CUST1699,2026-02-09,1655.65,Net Banking,Mobile,Chennai,Success,None
TXN1923,CUST1615,2026-02-09,1021.55,Wallet,Desktop,Hyderabad,Success,None
TXN2934,CUST1974,2026-02-09,449.37,Debit Card,Mobile,Pune,Success,None
TXN0817,CUST1038,2026-02-09,600.56,UPI,Mobile,Mumbai,Failed,Technical Error
TXN2864,CUST1588,2026-02-09,911.39,Credit Card,Desktop,Pune,Success,None
TXN2810,CUST1668,2026-02-09,1087.35,Net Banking,Desktop,Pune,Success,None
TXN2787,CUST1222,2026-02-09,2788.81,Debit Card,Desktop,Bangalore,Success,None
TXN1949,CUST1814,2026-02-09,1053.78,UPI,Mobile,Bangalore,Success,None
TXN2553,CUST1458,2026-02-09,1509.53,UPI,Desktop,Hyderabad,Success,None
TXN2866,CUST1488,2026-02-09,1322.21,Credit Card,Mobile,Bangalore,Success,None
TXN0881,CUST1530,2026-02-10,462.46,UPI,Mobile,Chennai,Success,None
TXN1901,CUST1147,2026-02-10,1316.62,Credit Card,Mobile,Mumbai,Success,None
TXN1155,CUST1899,2026-02-10,3303.62,UPI,Desktop,Chennai,Success,None
TXN2189,CUST1462,2026-02-10,1565.47,UPI,Mobile,Mumbai,Success,None
TXN1606,CUST1243,2026-02-10,2176.41,Wallet,Mobile,Chennai,Failed,Technical Error
TXN2273,CUST1717,2026-02-10,5638.6,Credit Card,Mobile,Pune,Success,None
TXN0640,CUST1075,2026-02-10,333.12,Wallet,Desktop,Bangalore,Success,None
TXN0988,CUST1389,2026-02-10,1921.3,Credit Card,Mobile,Delhi,Success,None
TXN1101,CUST1097,2026-02-10,1384.74,Credit Card,Mobile,Delhi,Success,None
TXN0795,CUST1795,2026-02-10,1002.02,UPI,Desktop,Bangalore,Success,None
TXN1214,CUST1638,2026-02-10,3407.99,Net Banking,Mobile,Hyderabad,Success,None
TXN1934,CUST1477,2026-02-10,837.16,Net Banking,Desktop,Chennai,Success,None
TXN1108,CUST1993,2026-02-10,2635.51,Net Banking,Tablet,Mumbai,Success,None
TXN0071,CUST1776,2026-02-11,790.05,Credit Card,Mobile,Hyderabad,Success,None
TXN0805,CUST1068,2026-02-11,1615.43,UPI,Tablet,Bangalore,Success,None
TXN2842,CUST1286,2026-02-11,645.35,Net Banking,Mobile,Delhi,Success,None
TXN0184,CUST1397,2026-02-11,2880.98,UPI,Mobile,Bangalore,Success,None
TXN0324,CUST1123,2026-02-11,2394.2,UPI,Desktop,Bangalore,Success,None
TXN1600,CUST1312,2026-02-11,624.32,Credit Card,Desktop,Bangalore,Success,None
TXN0002,CUST1435,2026-02-11,478.8,Credit Card,Desktop,Bangalore,Failed,Insufficient Funds
TXN1311,CUST1822,2026-02-11,1512.99,Credit Card,Mobile,Chennai,Success,None
TXN0326,CUST1325,2026-02-11,1282.57,UPI,Mobile,Hyderabad,Success,None
TXN1416,CUST1831,2026-02-11,1132.42,Wallet,Mobile,Hyderabad,Success,None
TXN0081,CUST1508,2026-02-11,1953.4,UPI,Mobile,Mumbai,Success,None
TXN0779,CUST1595,2026-02-11,2193.31,Credit Card,Mobile,Bangalore,Failed,Technical Error
TXN1701,CUST1877,2026-02-12,678.28,Net Banking,Tablet,Delhi,Success,None
TXN0360,CUST1610,2026-02-12,1377.2,Net Banking,Desktop,Mumbai,Success,None
TXN2785,CUST1184,2026-02-12,891.15,UPI,Desktop,Pune,Success,None
TXN2286,CUST1359,2026-02-12,1681.2,UPI,Mobile,Chennai,Success,None
TXN2690,CUST1837,2026-02-12,576.35,Debit Card,Mobile,Bangalore,Success,None
TXN2805,CUST1374,2026-02-12,904.86,Debit Card,Desktop,Pune,Success,None
TXN1084,CUST1766,2026-02-12,846.77,UPI,Desktop,Hyderabad,Success,None
TXN0246,CUST1744,2026-02-12,785.88,Net Banking,Desktop,Mumbai,Failed,Bank Declined
TXN0718,CUST1606,2026-02-12,4039.69,UPI,Desktop,Mumbai,Success,None
TXN2271,CUST1355,2026-02-12,1303.37,Net Banking,Desktop,Delhi,Success,None
TXN2069,CUST1238,2026-02-12,1174.43,UPI,Mobile,Pune,Success,None
TXN2094,CUST1584,2026-02-12,723.51,Credit Card,Mobile,Bangalore,Success,None
TXN1822,CUST1609,2026-02-12,631.39,Credit Card,Mobile,Delhi,Success,None
TXN0777,CUST1880,2026-02-13,893.9,UPI,Tablet,Delhi,Success,None
TXN0123,CUST1921,2026-02-13,1217.11,UPI,Mobile,Bangalore,Success,None
TXN0107,CUST1862,2026-02-13,1195.11,UPI,Mobile,Pune,Failed,Bank Declined
TXN0471,CUST1372,2026-02-13,762.49,Credit Card,Mobile,Mumbai,Success,None
TXN1649,CUST1341,2026-02-13,572.75,Debit Card,Mobile,Mumbai,Success,None
TXN0664,CUST1288,2026-02-13,761.29,Wallet,Desktop,Chennai,Success,None
TXN2585,CUST1630,2026-02-13,395.57,Debit Card,Tablet,Bangalore,Success,None
TXN1840,CUST1587,2026-02-13,707.75,Debit Card,Desktop,Pune,Success,None
TXN1320,CUST1919,2026-02-13,504.94,Credit Card,Mobile,Mumbai,Success,None
TXN2617,CUST1158,2026-02-13,1440.2,UPI,Desktop,Pune,Failed,Insufficient Funds
TXN0666,CUST1733,2026-02-14,326.1,UPI,Mobile,Hyderabad,Success,None
TXN2424,CUST1685,2026-02-14,2159.59,Net Banking,Tablet,Pune,Success,None
TXN0588,CUST1866,2026-02-14,946.61,Net Banking,Mobile,Hyderabad,Success,None
TXN1265,CUST1066,2026-02-14,450.34,UPI,Desktop,Mumbai,Success,None
TXN2819,CUST1310,2026-02-14,1229.55,UPI,Mobile,Pune,Failed,Insufficient Funds
TXN1741,CUST1451,2026-02-14,2097.58,UPI,Mobile,Pune,Success,None
TXN1117,CUST1105,2026-02-14,2395.56,Net Banking,Desktop,Delhi,Success,None
TXN2545,CUST1859,2026-02-14,515.56,UPI,Desktop,Mumbai,Failed,Insufficient Funds
TXN2231,CUST1288,2026-02-14,638.62,UPI,Mobile,Bangalore,Success,None
TXN1187,CUST1729,2026-02-14,639.53,Net Banking,Mobile,Bangalore,Success,None
TXN2994,CUST1585,2026-02-14,2741.87,Debit Card,Mobile,Pune,Success,None
TXN1467,CUST1645,2026-02-14,1473.62,UPI,Mobile,Hyderabad,Success,None
TXN1709,CUST1177,2026-02-14,769.22,Debit Card,Mobile,Chennai,Success,None
TXN1127,CUST1784,2026-02-14,1003.43,UPI,Tablet,Pune,Success,None
TXN1021,CUST1928,2026-02-14,992.1,Credit Card,Mobile,Bangalore,Success,None
TXN2671,CUST1333,2026-02-15,686.98,Net Banking,Mobile,Pune,Success,None
TXN1939,CUST1612,2026-02-15,648.31,Net Banking,Mobile,Hyderabad,Success,None
TXN1081,CUST1824,2026-02-15,2478.0,Wallet,Mobile,Chennai,Success,None
TXN0452,CUST1283,2026-02-15,926.94,Credit Card,Desktop,Chennai,Success,None
TXN0618,CUST1512,2026-02-15,1177.86,Wallet,Mobile,Bangalore,Failed,Invalid Details
TXN2385,CUST1020,2026-02-15,5159.9,Debit Card,Mobile,Hyderabad,Success,None
TXN1773,CUST1706,2026-02-15,1669.17,UPI,Mobile,Mumbai,Success,None
TXN1779,CUST1804,2026-02-15,393.35,Credit Card,Desktop,Hyderabad,Success,None
TXN0834,CUST1587,2026-02-15,1910.84,UPI,Mobile,Pune,Failed,Insufficient Funds
TXN0923,CUST1212,2026-02-15,587.66,Debit Card,Tablet,Pune,Success,None
TXN2900,CUST1416,2026-02-15,1334.28,Wallet,Mobile,Mumbai,Success,None
TXN2242,CUST1680,2026-02-15,814.95,UPI,Mobile,Delhi,Success,None
TXN0936,CUST1525,2026-02-15,393.89,UPI,Desktop,Pune,Success,None
TXN1116,CUST1758,2026-02-15,1430.37,Credit Card,Mobile,Delhi,Success,None
TXN1653,CUST1359,2026-02-15,2838.43,Debit Card,Desktop,Chennai,Success,None
TXN1363,CUST1804,2026-02-15,6361.87,Credit Card,Desktop,Chennai,Failed,Insufficient Funds
TXN2420,CUST1308,2026-02-15,596.96,UPI,Mobile,Pune,Success,None
TXN0077,CUST1366,2026-02-15,345.74,Debit Card,Mobile,Hyderabad,Failed,Bank Declined
TXN0504,CUST1791,2026-02-15,635.55,Net Banking,Desktop,Pune,Success,None
TXN2446,CUST1851,2026-02-16,2906.95,Net Banking,Mobile,Delhi,Failed,Bank Declined
TXN1608,CUST1601,2026-02-16,1502.57,UPI,Mobile,Chennai,Success,None
TXN1999,CUST1593,2026-02-16,903.96,Credit Card,Mobile,Pune,Success,None
TXN1982,CUST1793,2026-02-16,1656.37,UPI,Tablet,Mumbai,Success,None
TXN0593,CUST1268,2026-02-16,1339.88,Debit Card,Desktop,Delhi,Success,None
TXN0595,CUST1635,2026-02-16,207.78,Credit Card,Tablet,Delhi,Success,None
TXN0906,CUST1368,2026-02-16,630.87,Net Banking,Desktop,Mumbai,Success,None
TXN0013,CUST1330,2026-02-16,1062.82,Net Banking,Mobile,Mumbai,Success,None
TXN1755,CUST1150,2026-02-16,739.09,Debit Card,Mobile,Delhi,Success,None
TXN1235,CUST1362,2026-02-16,966.93,UPI,Tablet,Chennai,Success,None
TXN0585,CUST1883,2026-02-16,724.33,UPI,Desktop,Delhi,Success,None
TXN1356,CUST1139,2026-02-16,347.31,Debit Card,Desktop,Pune,Success,None
TXN1028,CUST1822,2026-02-16,918.68,Debit Card,Mobile,Delhi,Success,None
TXN2366,CUST1796,2026-02-16,1934.5,Credit Card,Mobile,Hyderabad,Failed,Bank Declined
TXN2282,CUST1666,2026-02-16,343.89,UPI,Mobile,Hyderabad,Success,None
TXN0127,CUST1379,2026-02-16,323.43,Debit Card,Mobile,Chennai,Success,None
TXN1650,CUST1475,2026-02-16,725.26,Credit Card,Mobile,Pune,Success,None
TXN1425,CUST1290,2026-02-16,615.85,Debit Card,Desktop,Pune,Success,None
TXN0801,CUST1505,2026-02-16,1452.94,Net Banking,Desktop,Delhi,Success,None
TXN2139,CUST1258,2026-02-16,1213.71,UPI,Mobile,Delhi,Success,None
TXN0916,CUST1671,2026-02-16,881.49,Credit Card,Desktop,Mumbai,Success,None
TXN1920,CUST1216,2026-02-16,1071.02,Net Banking,Mobile,Bangalore,Success,None
TXN2299,CUST1232,2026-02-17,803.3,Credit Card,Mobile,Pune,Success,None
TXN1603,CUST1936,2026-02-17,4052.37,UPI,Mobile,Pune,Failed,Bank Declined
TXN2733,CUST1106,2026-02-17,609.31,Credit Card,Mobile,Bangalore,Failed,Network Error
TXN1011,CUST1778,2026-02-17,2774.37,Net Banking,Mobile,Delhi,Success,None
TXN2573,CUST1908,2026-02-17,2027.84,Net Banking,Tablet,Bangalore,Success,None
TXN1799,CUST1127,2026-02-17,626.57,Credit Card,Mobile,Chennai,Success,None
TXN2221,CUST1114,2026-02-17,289.61,UPI,Tablet,Bangalore,Success,None
TXN2531,CUST1634,2026-02-17,982.47,UPI,Mobile,Pune,Success,None
TXN2705,CUST1918,2026-02-17,2294.67,Net Banking,Mobile,Pune,Failed,Insufficient Funds
TXN2471,CUST1606,2026-02-17,1239.7,Debit Card,Tablet,Hyderabad,Success,None
TXN2942,CUST1813,2026-02-17,333.95,UPI,Mobile,Chennai,Success,None
TXN0337,CUST1510,2026-02-17,3067.77,UPI,Desktop,Mumbai,Success,None
TXN1391,CUST1919,2026-02-17,3436.13,UPI,Mobile,Bangalore,Success,None
TXN1370,CUST1672,2026-02-17,715.52,UPI,Tablet,Delhi,Success,None
TXN2017,CUST1097,2026-02-17,879.5,Debit Card,Mobile,Delhi,Success,None
TXN1219,CUST1027,2026-02-17,482.37,Credit Card,Desktop,Mumbai,Success,None
TXN2206,CUST1453,2026-02-17,310.74,UPI,Mobile,Mumbai,Success,None
TXN0031,CUST1276,2026-02-18,369.74,Credit Card,Desktop,Mumbai,Success,None
TXN2485,CUST1552,2026-02-18,2076.17,UPI,Desktop,Mumbai,Success,None
TXN0096,CUST1821,2026-02-18,776.71,Debit Card,Desktop,Chennai,Success,None
TXN0564,CUST1569,2026-02-18,397.58,Debit Card,Mobile,Pune,Success,None
TXN2880,CUST1278,2026-02-18,846.46,UPI,Mobile,Pune,Success,None
TXN2540,CUST1369,2026-02-18,986.53,Credit Card,Desktop,Chennai,Success,None
TXN2488,CUST1888,2026-02-18,885.52,UPI,Mobile,Delhi,Success,None
TXN1750,CUST1977,2026-02-18,2450.17,UPI,Mobile,Chennai,Success,None
TXN1080,CUST1762,2026-02-18,3145.98,UPI,Desktop,Chennai,Success,None
TXN1644,CUST1083,2026-02-18,652.01,UPI,Mobile,Chennai,Success,None
TXN2054,CUST1607,2026-02-18,1672.98,Wallet,Mobile,Pune,Success,None
TXN0751,CUST1868,2026-02-18,1866.99,UPI,Desktop,Mumbai,Success,None
TXN2234,CUST1146,2026-02-18,1730.03,Wallet,Desktop,Delhi,Success,None
TXN0183,CUST1766,2026-02-18,367.62,Debit Card,Mobile,Mumbai,Success,None
TXN1100,CUST1305,2026-02-18,1034.06,UPI,Mobile,Pune,Success,None
TXN1190,CUST1072,2026-02-18,2443.85,Wallet,Mobile,Pune,Failed,Technical Error
TXN0048,CUST1189,2026-02-18,976.18,Net Banking,Mobile,Hyderabad,Success,None
TXN1301,CUST1502,2026-02-18,2446.28,UPI,Mobile,Mumbai,Success,None
TXN0624,CUST1559,2026-02-18,1564.3,Debit Card,Mobile,Bangalore,Success,None
TXN1538,CUST1022,2026-02-18,796.74,UPI,Tablet,Bangalore,Success,None
TXN1244,CUST1191,2026-02-18,1880.28,Debit Card,Mobile,Delhi,Success,None
TXN0697,CUST1907,2026-02-18,1991.85,Credit Card,Mobile,Delhi,Success,None
TXN2567,CUST1013,2026-02-18,2071.79,Net Banking,Mobile,Bangalore,Success,None
TXN0395,CUST1103,2026-02-18,1011.35,Wallet,Desktop,Mumbai,Success,None
TXN1008,CUST1223,2026-02-19,812.13,UPI,Mobile,Hyderabad,Success,None
TXN1790,CUST1853,2026-02-19,419.03,UPI,Tablet,Chennai,Success,None
TXN0105,CUST1995,2026-02-19,470.44,Credit Card,Mobile,Delhi,Success,None
TXN0606,CUST1345,2026-02-19,1150.78,Credit Card,Desktop,Pune,Failed,Network Error
TXN0467,CUST1219,2026-02-19,1396.26,Credit Card,Mobile,Bangalore,Success,None
TXN2854,CUST1965,2026-02-19,1077.35,Debit Card,Mobile,Chennai,Success,None
TXN2135,CUST1217,2026-02-19,4583.04,Credit Card,Mobile,Delhi,Success,None
TXN1547,CUST1957,2026-02-19,650.07,UPI,Desktop,Pune,Success,None
TXN1990,CUST1518,2026-02-19,448.14,Debit Card,Mobile,Pune,Success,None
TXN0036,CUST1252,2026-02-19,748.16,UPI,Mobile,Chennai,Success,None
TXN1272,CUST1469,2026-02-19,2208.38,Credit Card,Mobile,Pune,Success,None
TXN2744,CUST1155,2026-02-19,590.43,Credit Card,Mobile,Pune,Success,None
TXN1105,CUST1858,2026-02-20,848.14,Debit Card,Desktop,Pune,Success,None
TXN1705,CUST1086,2026-02-20,1101.2,Credit Card,Tablet,Bangalore,Success,None
TXN0614,CUST1907,2026-02-20,1201.97,UPI,Mobile,Bangalore,Success,None
TXN0378,CUST1098,2026-02-20,4297.55,UPI,Mobile,Mumbai,Success,None
TXN1271,CUST1110,2026-02-20,3565.44,UPI,Desktop,Delhi,Failed,Technical Error
TXN1037,CUST1436,2026-02-20,1226.3,UPI,Desktop,Hyderabad,Success,None
TXN2026,CUST1038,2026-02-20,1679.79,UPI,Desktop,Hyderabad,Success,None
TXN1164,CUST1945,2026-02-20,745.13,Net Banking,Mobile,Mumbai,Success,None
TXN0789,CUST1444,2026-02-20,5189.95,Debit Card,Desktop,Bangalore,Success,None
TXN0882,CUST1038,2026-02-20,386.55,UPI,Mobile,Chennai,Success,None
TXN1160,CUST1194,2026-02-20,945.01,Net Banking,Desktop,Pune,Success,None
TXN1315,CUST1242,2026-02-20,1023.29,UPI,Mobile,Mumbai,Success,None
TXN1569,CUST1028,2026-02-20,791.23,UPI,Mobile,Bangalore,Success,None
TXN2741,CUST1631,2026-02-20,1283.17,UPI,Mobile,Pune,Success,None
TXN2381,CUST1747,2026-02-21,655.53,Debit Card,Mobile,Bangalore,Success,None
TXN1752,CUST1329,2026-02-21,1114.0,UPI,Desktop,Mumbai,Success,None
TXN1372,CUST1689,2026-02-21,496.89,Credit Card,Mobile,Delhi,Success,None
TXN2050,CUST1780,2026-02-21,397.27,Net Banking,Mobile,Bangalore,Failed,Technical Error
TXN0318,CUST1906,2026-02-21,673.78,Credit Card,Mobile,Hyderabad,Failed,Insufficient Funds
TXN1762,CUST1284,2026-02-21,727.29,Debit Card,Mobile,Hyderabad,Success,None
TXN0281,CUST1951,2026-02-21,273.19,UPI,Tablet,Mumbai,Success,None
TXN1513,CUST1260,2026-02-21,1477.22,Debit Card,Mobile,Bangalore,Success,None
TXN1033,CUST1862,2026-02-21,2454.78,UPI,Mobile,Bangalore,Success,None
TXN0314,CUST1883,2026-02-21,2167.0,Net Banking,Desktop,Chennai,Success,None
TXN2984,CUST1944,2026-02-21,3787.62,UPI,Mobile,Mumbai,Success,None
TXN0983,CUST1924,2026-02-21,779.64,UPI,Mobile,Delhi,Success,None
TXN0280,CUST1624,2026-02-21,746.86,Debit Card,Mobile,Chennai,Success,None
TXN2858,CUST1680,2026-02-21,1610.32,Credit Card,Desktop,Pune,Success,None
TXN1502,CUST1908,2026-02-22,309.25,UPI,Mobile,Pune,Success,None
TXN2117,CUST1152,2026-02-22,1920.87,Credit Card,Mobile,Mumbai,Success,None
TXN1651,CUST1062,2026-02-22,734.11,Credit Card,Tablet,Hyderabad,Success,None
TXN1493,CUST1597,2026-02-22,4029.04,Credit Card,Tablet,Chennai,Success,None
TXN2836,CUST1344,2026-02-22,654.21,Net Banking,Mobile,Pune,Success,None
TXN2197,CUST1123,2026-02-22,2083.07,UPI,Mobile,Hyderabad,Success,None
TXN0986,CUST1546,2026-02-22,990.73,Credit Card,Mobile,Hyderabad,Success,None
TXN1306,CUST1445,2026-02-22,662.0,UPI,Mobile,Mumbai,Success,None
TXN2216,CUST1039,2026-02-22,273.15,Credit Card,Mobile,Chennai,Success,None
TXN1521,CUST1094,2026-02-22,708.86,Wallet,Desktop,Bangalore,Success,None
TXN1648,CUST1629,2026-02-22,1431.12,Net Banking,Mobile,Pune,Success,None
TXN2490,CUST1671,2026-02-22,870.21,UPI,Tablet,Hyderabad,Success,None
TXN2965,CUST1801,2026-02-22,565.6,Wallet,Mobile,Bangalore,Failed,Network Error
TXN0007,CUST1700,2026-02-23,692.75,Debit Card,Desktop,Hyderabad,Success,None
TXN2253,CUST1699,2026-02-23,772.94,Credit Card,Desktop,Chennai,Success,None
TXN0515,CUST1985,2026-02-23,608.94,Credit Card,Mobile,Mumbai,Success,None
TXN1354,CUST1531,2026-02-23,1115.81,Wallet,Mobile,Delhi,Success,None
TXN0537,CUST1035,2026-02-23,1061.99,UPI,Desktop,Pune,Failed,Network Error
TXN2149,CUST1098,2026-02-23,593.35,UPI,Desktop,Delhi,Success,None
TXN2607,CUST1092,2026-02-23,408.59,Debit Card,Mobile,Delhi,Success,None
TXN1414,CUST1917,2026-02-23,248.0,Credit Card,Mobile,Bangalore,Failed,Insufficient Funds
TXN1764,CUST1081,2026-02-23,822.19,Debit Card,Desktop,Hyderabad,Success,None
TXN2956,CUST1803,2026-02-23,2525.56,Net Banking,Mobile,Bangalore,Success,None
TXN1967,CUST1088,2026-02-23,2218.57,Credit Card,Mobile,Bangalore,Success,None
TXN1621,CUST1875,2026-02-23,794.27,UPI,Mobile,Chennai,Failed,Network Error
TXN0209,CUST1540,2026-02-23,3423.66,Credit Card,Desktop,Hyderabad,Failed,Bank Declined
TXN0217,CUST1795,2026-02-23,1830.9,UPI,Mobile,Mumbai,Success,None
TXN1512,CUST1647,2026-02-23,1412.11,Credit Card,Mobile,Hyderabad,Success,None
TXN1646,CUST1688,2026-02-23,1544.35,UPI,Desktop,Bangalore,Success,None
TXN2349,CUST1946,2026-02-23,1487.67,UPI,Mobile,Chennai,Success,None
TXN2004,CUST1994,2026-02-23,666.89,UPI,Mobile,Delhi,Success,None
TXN2503,CUST1001,2026-02-23,2429.72,UPI,Mobile,Mumbai,Success,None
TXN1095,CUST1421,2026-02-23,1704.63,Wallet,Mobile,Bangalore,Success,None
TXN1638,CUST1155,2026-02-23,278.94,Wallet,Tablet,Bangalore,Success,None
TXN1186,CUST1077,2026-02-24,5130.51,Debit Card,Mobile,Chennai,Success,None
TXN1490,CUST1288,2026-02-24,1338.27,Net Banking,Mobile,Chennai,Success,None
TXN2353,CUST1537,2026-02-24,1319.14,Credit Card,Mobile,Mumbai,Success,None
TXN0132,CUST1812,2026-02-24,990.05,Debit Card,Desktop,Hyderabad,Success,None
TXN0128,CUST1492,2026-02-24,1648.42,Wallet,Mobile,Mumbai,Success,None
TXN2384,CUST1988,2026-02-24,596.69,Debit Card,Mobile,Mumbai,Success,None
TXN0799,CUST1563,2026-02-24,1942.65,UPI,Mobile,Mumbai,Success,None
TXN1808,CUST1961,2026-02-24,1451.69,Credit Card,Mobile,Pune,Failed,Technical Error
TXN1852,CUST1609,2026-02-24,1878.96,Debit Card,Mobile,Mumbai,Success,None
TXN0173,CUST1960,2026-02-24,1321.7,Wallet,Desktop,Mumbai,Success,None
TXN1043,CUST1457,2026-02-24,1005.16,UPI,Mobile,Bangalore,Success,None
TXN2755,CUST1968,2026-02-24,1157.17,Credit Card,Mobile,Delhi,Success,None
TXN1695,CUST1870,2026-02-24,1789.09,Wallet,Desktop,Pune,Success,None
TXN0553,CUST1726,2026-02-24,725.65,UPI,Mobile,Hyderabad,Success,None
TXN2387,CUST1975,2026-02-24,1760.82,Credit Card,Mobile,Chennai,Success,None
TXN1077,CUST1388,2026-02-25,2220.76,UPI,Tablet,Bangalore,Success,None
TXN1574,CUST1778,2026-02-25,2503.05,UPI,Desktop,Pune,Success,None
TXN2327,CUST1119,2026-02-25,490.69,Wallet,Mobile,Bangalore,Success,None
TXN2374,CUST1083,2026-02-25,184.43,Wallet,Desktop,Chennai,Success,None
TXN1233,CUST1918,2026-02-25,949.29,Credit Card,Mobile,Hyderabad,Success,None
TXN1911,CUST1200,2026-02-25,1114.32,Debit Card,Tablet,Mumbai,Success,None
TXN2867,CUST1970,2026-02-25,1199.96,UPI,Mobile,Mumbai,Success,None
TXN1726,CUST1578,2026-02-25,1087.72,Credit Card,Mobile,Delhi,Success,None
TXN0526,CUST1758,2026-02-25,630.05,Wallet,Mobile,Bangalore,Success,None
TXN2875,CUST1018,2026-02-25,898.28,UPI,Desktop,Mumbai,Success,None
TXN2675,CUST1836,2026-02-25,1111.48,Debit Card,Mobile,Pune,Success,None
TXN0260,CUST1974,2026-02-25,1120.75,Credit Card,Mobile,Chennai,Success,None
TXN2507,CUST1972,2026-02-25,2677.09,Net Banking,Desktop,Delhi,Failed,Invalid Details
TXN1697,CUST1799,2026-02-26,3429.8,Net Banking,Desktop,Delhi,Success,None
TXN2612,CUST1902,2026-02-26,908.47,Debit Card,Mobile,Bangalore,Success,None
TXN1424,CUST1797,2026-02-26,691.97,Wallet,Desktop,Bangalore,Success,None
TXN2829,CUST1647,2026-02-26,513.39,UPI,Mobile,Mumbai,Success,None
TXN1504,CUST1814,2026-02-26,638.93,Credit Card,Mobile,Mumbai,Success,None
TXN1221,CUST1077,2026-02-26,895.13,UPI,Desktop,Mumbai,Failed,Network Error
TXN1643,CUST1848,2026-02-26,1346.54,Credit Card,Mobile,Pune,Success,None
TXN2913,CUST1841,2026-02-26,2157.23,Debit Card,Desktop,Mumbai,Success,None
TXN1754,CUST1672,2026-02-26,2265.52,UPI,Mobile,Delhi,Success,None
TXN0920,CUST1148,2026-02-26,776.86,UPI,Mobile,Mumbai,Success,None
TXN0688,CUST1758,2026-02-26,1192.36,Credit Card,Mobile,Delhi,Success,None
TXN1966,CUST1465,2026-02-26,1383.99,Credit Card,Tablet,Chennai,Success,None
TXN1970,CUST1570,2026-02-26,1214.06,UPI,Desktop,Hyderabad,Success,None
TXN0637,CUST1860,2026-02-26,774.92,Credit Card,Desktop,Pune,Success,None
TXN0644,CUST1996,2026-02-26,3359.04,Credit Card,Mobile,Bangalore,Success,None
TXN2156,CUST1418,2026-02-26,1579.8,UPI,Mobile,Delhi,Success,None
TXN0543,CUST1399,2026-02-26,1622.47,UPI,Mobile,Hyderabad,Success,None
TXN2104,CUST1996,2026-02-26,796.79,Net Banking,Mobile,Chennai,Success,None
TXN2041,CUST1893,2026-02-26,1092.72,Credit Card,Desktop,Chennai,Success,None
TXN0586,CUST1349,2026-02-26,1292.7,Debit Card,Desktop,Mumbai,Success,None
TXN2126,CUST1309,2026-02-26,151.32,Credit Card,Mobile,Pune,Success,None
TXN0733,CUST1417,2026-02-26,1727.88,UPI,Mobile,Chennai,Success,None
TXN2413,CUST1538,2026-02-26,1514.53,UPI,Desktop,Bangalore,Success,None
TXN2539,CUST1552,2026-02-26,1773.37,Credit Card,Mobile,Hyderabad,Success,None
TXN2527,CUST1871,2026-02-26,1014.3,Credit Card,Mobile,Hyderabad,Success,None
TXN2293,CUST1674,2026-02-27,1578.69,Credit Card,Mobile,Pune,Success,None
TXN0770,CUST1524,2026-02-27,1156.36,UPI,Mobile,Hyderabad,Failed,Technical Error
TXN2851,CUST1219,2026-02-27,1703.47,UPI,Mobile,Delhi,Success,None
TXN1989,CUST1628,2026-02-27,1133.49,Debit Card,Desktop,Mumbai,Success,None
TXN0301,CUST1709,2026-02-27,3286.1,Debit Card,Desktop,Pune,Failed,Technical Error
TXN1893,CUST1757,2026-02-27,1306.99,UPI,Mobile,Bangalore,Success,None
TXN0341,CUST1710,2026-02-27,1653.14,Debit Card,Mobile,Hyderabad,Success,None
TXN0370,CUST1303,2026-02-27,906.07,Credit Card,Desktop,Pune,Success,None
TXN2394,CUST1452,2026-02-27,3039.44,Credit Card,Desktop,Bangalore,Success,None
TXN0109,CUST1270,2026-02-27,903.14,UPI,Desktop,Chennai,Success,None
TXN0514,CUST1385,2026-02-27,853.13,Credit Card,Desktop,Delhi,Failed,Technical Error
TXN2073,CUST1920,2026-02-27,494.41,Credit Card,Tablet,Delhi,Success,None
TXN2330,CUST1269,2026-02-27,544.95,Credit Card,Mobile,Pune,Success,None
TXN2163,CUST1159,2026-02-27,881.88,Net Banking,Mobile,Mumbai,Success,None
TXN0690,CUST1496,2026-02-27,934.94,Wallet,Mobile,Chennai,Success,None
TXN2583,CUST1903,2026-02-27,973.09,Net Banking,Desktop,Hyderabad,Failed,Technical Error
TXN2487,CUST1587,2026-02-27,1487.06,UPI,Desktop,Hyderabad,Failed,Technical Error
TXN0885,CUST1172,2026-02-27,1017.86,UPI,Mobile,Hyderabad,Success,None
TXN2577,CUST1121,2026-02-27,1769.76,UPI,Mobile,Mumbai,Success,None
TXN0572,CUST1443,2026-02-27,1638.57,UPI,Desktop,Hyderabad,Success,None
TXN2007,CUST1489,2026-02-28,754.48,Net Banking,Mobile,Mumbai,Success,None
TXN1710,CUST1390,2026-02-28,605.15,Credit Card,Mobile,Chennai,Success,None
TXN2763,CUST1034,2026-02-28,933.54,Credit Card,Desktop,Delhi,Success,None
TXN2784,CUST1796,2026-02-28,1955.42,Debit Card,Mobile,Delhi,Success,None
TXN1735,CUST1077,2026-02-28,1211.96,Credit Card,Mobile,Bangalore,Success,None
TXN2209,CUST1687,2026-02-28,1480.93,Debit Card,Mobile,Chennai,Success,None
TXN0747,CUST1276,2026-02-28,1622.61,UPI,Mobile,Delhi,Success,None
TXN2611,CUST1352,2026-02-28,274.39,Net Banking,Mobile,Mumbai,Success,None
TXN2132,CUST1106,2026-02-28,227.83,Debit Card,Mobile,Pune,Success,None
TXN2078,CUST1989,2026-02-28,601.67,Credit Card,Desktop,Bangalore,Success,None
TXN1900,CUST1750,2026-02-28,557.54,Credit Card,Mobile,Hyderabad,Success,None
TXN1274,CUST1622,2026-02-28,680.88,Wallet,Mobile,Delhi,Success,None
TXN1292,CUST1965,2026-02-28,1070.45,Net Banking,Mobile,Hyderabad,Success,None
TXN1106,CUST1434,2026-02-28,669.56,Debit Card,Mobile,Mumbai,Failed,Insufficient Funds
TXN0848,CUST1945,2026-02-28,2283.57,UPI,Mobile,Mumbai,Success,None
TXN0427,CUST1194,2026-02-28,2317.56,UPI,Mobile,Delhi,Success,None
TXN2587,CUST1694,2026-02-28,437.06,Debit Card,Mobile,Mumbai,Failed,Technical Error
TXN2980,CUST1419,2026-02-28,1344.4,UPI,Mobile,Hyderabad,Success,None
TXN2554,CUST1083,2026-02-28,920.22,Credit Card,Mobile,Hyderabad,Success,None
TXN2218,CUST1223,2026-02-28,834.91,Credit Card,Mobile,Mumbai,Success,None
TXN1527,CUST1810,2026-02-28,1372.81,Credit Card,Desktop,Pune,Success,None
TXN2739,CUST1304,2026-02-28,378.35,Credit Card,Mobile,Hyderabad,Success,None
TXN1817,CUST1003,2026-02-28,2104.62,Debit Card,Tablet,Delhi,Failed,Technical Error
TXN0806,CUST1098,2026-03-01,847.94,Credit Card,Mobile,Chennai,Success,None
TXN2669,CUST1939,2026-03-01,1685.6,UPI,Mobile,Chennai,Success,None
TXN0242,CUST1957,2026-03-01,2651.61,UPI,Mobile,Mumbai,Failed,Network Error
TXN0562,CUST1149,2026-03-01,1929.88,Credit Card,Mobile,Bangalore,Success,None
TXN0040,CUST1474,2026-03-01,713.04,Net Banking,Tablet,Chennai,Success,None
TXN2876,CUST1453,2026-03-01,1718.86,UPI,Mobile,Bangalore,Failed,Insufficient Funds
TXN0336,CUST1962,2026-03-01,1603.56,Net Banking,Mobile,Bangalore,Success,None
TXN0097,CUST1476,2026-03-01,610.77,UPI,Desktop,Bangalore,Success,None
TXN0865,CUST1326,2026-03-01,2054.14,UPI,Mobile,Bangalore,Success,None
TXN2557,CUST1389,2026-03-01,1145.48,Debit Card,Desktop,Chennai,Success,None
TXN1580,CUST1345,2026-03-01,1386.47,Debit Card,Mobile,Chennai,Success,None
TXN0248,CUST1358,2026-03-01,937.0,Debit Card,Desktop,Pune,Success,None
TXN0180,CUST1004,2026-03-01,2442.28,Credit Card,Desktop,Pune,Success,None
TXN2909,CUST1866,2026-03-01,582.96,Credit Card,Mobile,Chennai,Success,None
TXN0642,CUST1655,2026-03-01,2332.12,Wallet,Mobile,Chennai,Success,None
TXN2347,CUST1078,2026-03-02,588.06,UPI,Mobile,Pune,Success,None
TXN1468,CUST1578,2026-03-02,3261.09,UPI,Desktop,Mumbai,Success,None
TXN2723,CUST1775,2026-03-02,784.86,Debit Card,Desktop,Pune,Failed,Technical Error
TXN1770,CUST1522,2026-03-02,436.54,Wallet,Tablet,Delhi,Success,None
TXN2693,CUST1856,2026-03-02,430.51,UPI,Mobile,Pune,Success,None
TXN0714,CUST1555,2026-03-02,649.08,UPI,Mobile,Bangalore,Success,None
TXN2474,CUST1010,2026-03-02,2421.41,Debit Card,Mobile,Delhi,Success,None
TXN0975,CUST1958,2026-03-02,902.63,Credit Card,Desktop,Mumbai,Failed,Insufficient Funds
TXN1977,CUST1777,2026-03-02,1304.34,UPI,Mobile,Chennai,Success,None
TXN2378,CUST1706,2026-03-02,787.38,Debit Card,Mobile,Bangalore,Success,None
TXN2399,CUST1891,2026-03-02,1362.24,Debit Card,Mobile,Hyderabad,Failed,Network Error
TXN1062,CUST1094,2026-03-02,1985.35,Debit Card,Mobile,Mumbai,Success,None
TXN2572,CUST1523,2026-03-02,683.97,UPI,Mobile,Chennai,Success,None
TXN2290,CUST1447,2026-03-02,1749.02,UPI,Desktop,Chennai,Failed,Network Error
TXN0604,CUST1057,2026-03-02,1241.27,Net Banking,Mobile,Delhi,Success,None
TXN2729,CUST1885,2026-03-02,1350.09,UPI,Mobile,Hyderabad,Success,None
TXN0715,CUST1284,2026-03-02,1580.97,Wallet,Desktop,Mumbai,Success,None
TXN2634,CUST1616,2026-03-02,1010.49,Credit Card,Mobile,Mumbai,Failed,Network Error
TXN2158,CUST1849,2026-03-03,423.25,UPI,Desktop,Pune,Success,None
TXN2817,CUST1801,2026-03-03,659.1,UPI,Tablet,Mumbai,Success,None
TXN2292,CUST1364,2026-03-03,1207.78,Credit Card,Mobile,Delhi,Success,None
TXN1964,CUST1199,2026-03-03,954.14,Net Banking,Desktop,Pune,Success,None
TXN2134,CUST1824,2026-03-03,2437.2,UPI,Desktop,Hyderabad,Success,None
TXN2491,CUST1462,2026-03-03,1387.94,Credit Card,Mobile,Hyderabad,Success,None
TXN1092,CUST1074,2026-03-03,3970.59,UPI,Desktop,Delhi,Success,None
TXN1189,CUST1922,2026-03-03,1254.88,Net Banking,Mobile,Delhi,Failed,Bank Declined
TXN1000,CUST1250,2026-03-03,944.42,UPI,Tablet,Bangalore,Success,None
TXN2631,CUST1688,2026-03-03,1128.64,Credit Card,Mobile,Mumbai,Success,None
TXN2628,CUST1955,2026-03-03,246.76,Net Banking,Desktop,Bangalore,Success,None
TXN2601,CUST1642,2026-03-03,4444.7,UPI,Desktop,Hyderabad,Success,None
TXN2581,CUST1355,2026-03-03,127.77,Credit Card,Mobile,Delhi,Success,None
TXN2566,CUST1873,2026-03-03,661.04,UPI,Mobile,Hyderabad,Success,None
TXN2972,CUST1538,2026-03-03,607.87,UPI,Mobile,Delhi,Success,None
TXN0288,CUST1565,2026-03-03,683.46,UPI,Mobile,Mumbai,Success,None
TXN0296,CUST1129,2026-03-03,973.83,Credit Card,Mobile,Pune,Success,None
TXN1776,CUST1395,2026-03-03,4288.84,Debit Card,Mobile,Pune,Success,None
TXN2555,CUST1207,2026-03-03,706.03,Net Banking,Mobile,Chennai,Success,None
TXN2947,CUST1020,2026-03-03,1092.95,Credit Card,Mobile,Bangalore,Success,None
TXN2166,CUST1780,2026-03-03,872.48,UPI,Tablet,Hyderabad,Failed,Bank Declined
TXN2306,CUST1221,2026-03-04,2537.6,UPI,Mobile,Pune,Failed,Network Error
TXN0964,CUST1697,2026-03-04,869.85,Wallet,Mobile,Delhi,Failed,Network Error
TXN2154,CUST1890,2026-03-04,1139.89,Debit Card,Mobile,Chennai,Success,None
TXN0838,CUST1491,2026-03-04,887.07,UPI,Mobile,Hyderabad,Success,None
TXN0286,CUST1641,2026-03-04,692.12,Credit Card,Desktop,Bangalore,Success,None
TXN2283,CUST1112,2026-03-04,873.39,UPI,Desktop,Hyderabad,Success,None
TXN0750,CUST1393,2026-03-04,671.57,Credit Card,Tablet,Chennai,Success,None
TXN0582,CUST1773,2026-03-04,1616.4,Credit Card,Mobile,Chennai,Success,None
TXN1215,CUST1055,2026-03-04,1626.51,Credit Card,Mobile,Mumbai,Success,None
TXN2660,CUST1736,2026-03-04,2000.65,Debit Card,Mobile,Mumbai,Success,None
TXN2342,CUST1028,2026-03-04,709.64,Net Banking,Desktop,Pune,Success,None
TXN0565,CUST1341,2026-03-04,1377.59,Credit Card,Mobile,Chennai,Success,None
TXN2928,CUST1664,2026-03-04,1670.5,Credit Card,Desktop,Chennai,Success,None
TXN2053,CUST1415,2026-03-04,583.45,Net Banking,Mobile,Delhi,Success,None
TXN1402,CUST1333,2026-03-04,722.35,Net Banking,Desktop,Hyderabad,Failed,Technical Error
TXN2379,CUST1848,2026-03-04,1590.88,UPI,Mobile,Bangalore,Success,None
TXN0384,CUST1151,2026-03-05,927.36,Debit Card,Mobile,Bangalore,Success,None
TXN2841,CUST1146,2026-03-05,753.79,Wallet,Desktop,Mumbai,Success,None
TXN2552,CUST1006,2026-03-05,390.13,Credit Card,Tablet,Pune,Success,None
TXN0498,CUST1734,2026-03-05,927.45,Debit Card,Desktop,Hyderabad,Failed,Technical Error
TXN0065,CUST1273,2026-03-05,511.92,Wallet,Tablet,Delhi,Success,None
TXN2768,CUST1836,2026-03-05,478.81,Debit Card,Desktop,Pune,Success,None
TXN1247,CUST1484,2026-03-05,979.37,Net Banking,Mobile,Delhi,Success,None
TXN1800,CUST1735,2026-03-05,922.05,Credit Card,Mobile,Mumbai,Success,None
TXN1349,CUST1117,2026-03-05,980.65,UPI,Mobile,Chennai,Failed,Network Error
TXN2598,CUST1311,2026-03-05,1875.42,UPI,Mobile,Chennai,Success,None
TXN1554,CUST1682,2026-03-05,2659.28,UPI,Mobile,Mumbai,Success,None
TXN2090,CUST1431,2026-03-05,1251.08,UPI,Mobile,Hyderabad,Success,None
TXN1007,CUST1145,2026-03-05,789.05,UPI,Mobile,Chennai,Success,None
TXN0980,CUST1460,2026-03-05,3539.47,Credit Card,Desktop,Chennai,Success,None
TXN0622,CUST1637,2026-03-05,874.45,Credit Card,Mobile,Pune,Failed,Network Error
TXN1417,CUST1348,2026-03-05,1891.87,UPI,Mobile,Pune,Success,None
TXN2473,CUST1543,2026-03-05,1043.04,UPI,Mobile,Delhi,Success,None
TXN1019,CUST1688,2026-03-06,1845.92,UPI,Mobile,Mumbai,Failed,Network Error
TXN2767,CUST1058,2026-03-06,569.35,UPI,Tablet,Hyderabad,Success,None
TXN1253,CUST1230,2026-03-06,2294.8,UPI,Mobile,Pune,Success,None
TXN1436,CUST1748,2026-03-06,681.06,Credit Card,Desktop,Hyderabad,Success,None
TXN1677,CUST1768,2026-03-06,328.44,UPI,Desktop,Mumbai,Success,None
TXN2212,CUST1964,2026-03-06,1339.59,UPI,Desktop,Chennai,Success,None
TXN1559,CUST1887,2026-03-06,875.34,Debit Card,Mobile,Mumbai,Success,None
TXN2508,CUST1925,2026-03-06,1259.44,Net Banking,Mobile,Mumbai,Success,None
TXN0726,CUST1848,2026-03-06,2509.39,UPI,Desktop,Pune,Success,None
TXN1831,CUST1355,2026-03-06,892.59,UPI,Mobile,Chennai,Success,None
TXN2025,CUST1363,2026-03-06,2551.11,Debit Card,Tablet,Pune,Success,None
TXN0150,CUST1772,2026-03-06,604.28,UPI,Mobile,Delhi,Success,None
TXN0305,CUST1438,2026-03-06,1581.89,Credit Card,Mobile,Delhi,Success,None
TXN2311,CUST1915,2026-03-06,466.14,Debit Card,Mobile,Bangalore,Success,None
TXN2059,CUST1028,2026-03-06,2786.25,UPI,Desktop,Pune,Success,None
TXN1495,CUST1521,2026-03-06,3651.47,Net Banking,Tablet,Pune,Success,None
TXN1639,CUST1881,2026-03-06,1366.49,Net Banking,Desktop,Bangalore,Success,None
TXN2912,CUST1973,2026-03-06,766.15,UPI,Mobile,Pune,Success,None
TXN1749,CUST1943,2026-03-06,594.07,Net Banking,Desktop,Mumbai,Success,None
TXN1234,CUST1749,2026-03-06,1867.26,Credit Card,Tablet,Bangalore,Success,None
TXN1185,CUST1944,2026-03-06,2098.14,UPI,Mobile,Chennai,Success,None
TXN0214,CUST1698,2026-03-06,2639.56,UPI,Mobile,Delhi,Success,None
TXN2543,CUST1839,2026-03-07,828.83,Credit Card,Mobile,Pune,Failed,Bank Declined
TXN2195,CUST1225,2026-03-07,915.95,Wallet,Mobile,Hyderabad,Failed,Technical Error
TXN0164,CUST1573,2026-03-07,765.33,Credit Card,Mobile,Mumbai,Success,None
TXN1851,CUST1167,2026-03-07,792.93,UPI,Desktop,Mumbai,Failed,Network Error
TXN0734,CUST1114,2026-03-07,850.02,Debit Card,Tablet,Hyderabad,Failed,Bank Declined
TXN2799,CUST1812,2026-03-07,2322.82,Debit Card,Tablet,Bangalore,Success,None
TXN2796,CUST1150,2026-03-07,1626.59,Credit Card,Desktop,Mumbai,Success,None
TXN0201,CUST1899,2026-03-07,1404.57,Debit Card,Desktop,Delhi,Success,None
TXN0903,CUST1504,2026-03-07,759.17,Net Banking,Mobile,Bangalore,Success,None
TXN1473,CUST1447,2026-03-07,1235.39,UPI,Mobile,Pune,Success,None
TXN1481,CUST1922,2026-03-07,489.01,Debit Card,Mobile,Hyderabad,Success,None
TXN2161,CUST1215,2026-03-07,2810.23,UPI,Desktop,Delhi,Failed,Technical Error
TXN0774,CUST1872,2026-03-07,487.9,Debit Card,Desktop,Chennai,Success,None
TXN0506,CUST1287,2026-03-07,1568.08,Debit Card,Mobile,Chennai,Success,None
TXN1404,CUST1375,2026-03-08,1325.8,Debit Card,Mobile,Hyderabad,Failed,Insufficient Funds
TXN2549,CUST1110,2026-03-08,5033.83,Wallet,Desktop,Chennai,Success,None
TXN0106,CUST1269,2026-03-08,928.12,Debit Card,Desktop,Pune,Success,None
TXN1872,CUST1692,2026-03-08,1009.33,Wallet,Mobile,Hyderabad,Success,None
TXN1263,CUST1579,2026-03-08,990.61,Credit Card,Mobile,Bangalore,Failed,Insufficient Funds
TXN0913,CUST1057,2026-03-08,1084.48,Credit Card,Mobile,Bangalore,Success,None
TXN1050,CUST1000,2026-03-08,1543.08,Credit Card,Tablet,Pune,Success,None
TXN0070,CUST1241,2026-03-08,456.7,UPI,Mobile,Bangalore,Failed,Bank Declined
TXN1435,CUST1600,2026-03-08,839.19,UPI,Mobile,Pune,Success,None
TXN2200,CUST1327,2026-03-08,2151.4,UPI,Tablet,Hyderabad,Failed,Bank Declined
TXN1413,CUST1319,2026-03-08,435.0,UPI,Mobile,Bangalore,Success,None
TXN0169,CUST1871,2026-03-08,3664.42,Net Banking,Mobile,Mumbai,Success,None
TXN0192,CUST1891,2026-03-08,681.59,UPI,Mobile,Hyderabad,Success,None
TXN1954,CUST1338,2026-03-08,1352.95,Debit Card,Mobile,Bangalore,Success,None
TXN0230,CUST1957,2026-03-09,480.5,UPI,Desktop,Bangalore,Success,None
TXN1941,CUST1954,2026-03-09,1023.07,UPI,Mobile,Mumbai,Success,None
TXN1017,CUST1826,2026-03-09,926.83,Credit Card,Desktop,Mumbai,Failed,Insufficient Funds
TXN0758,CUST1547,2026-03-09,3414.37,UPI,Desktop,Bangalore,Failed,Invalid Details
TXN1298,CUST1276,2026-03-09,2653.79,UPI,Mobile,Pune,Success,None
TXN2351,CUST1569,2026-03-09,727.68,Credit Card,Mobile,Pune,Success,None
TXN0035,CUST1021,2026-03-09,620.04,Credit Card,Mobile,Pune,Success,None
TXN1323,CUST1321,2026-03-09,980.5,Credit Card,Mobile,Pune,Success,None
TXN0989,CUST1593,2026-03-09,504.23,Wallet,Mobile,Hyderabad,Success,None
TXN2016,CUST1812,2026-03-09,337.53,UPI,Mobile,Delhi,Success,None
TXN0398,CUST1226,2026-03-09,494.54,UPI,Mobile,Pune,Success,None
TXN1909,CUST1364,2026-03-09,2842.6,Debit Card,Tablet,Hyderabad,Success,None
TXN1890,CUST1054,2026-03-09,846.27,Debit Card,Mobile,Bangalore,Success,None
TXN1797,CUST1058,2026-03-09,516.73,UPI,Mobile,Mumbai,Success,None
TXN2232,CUST1261,2026-03-09,2044.03,Credit Card,Mobile,Pune,Success,None
TXN0079,CUST1454,2026-03-09,4688.87,Net Banking,Mobile,Delhi,Success,None
TXN2722,CUST1275,2026-03-09,1090.06,Debit Card,Mobile,Chennai,Success,None
TXN1746,CUST1909,2026-03-09,3952.63,UPI,Mobile,Bangalore,Success,None
TXN1142,CUST1882,2026-03-09,932.05,Credit Card,Desktop,Bangalore,Success,None
TXN2983,CUST1001,2026-03-10,1756.08,UPI,Mobile,Delhi,Failed,Network Error
TXN0693,CUST1159,2026-03-10,1147.01,UPI,Desktop,Pune,Success,None
TXN2164,CUST1738,2026-03-10,2590.13,UPI,Mobile,Mumbai,Success,None
TXN0620,CUST1801,2026-03-10,3786.2,UPI,Desktop,Delhi,Success,None
TXN1961,CUST1373,2026-03-10,1074.74,UPI,Mobile,Hyderabad,Success,None
TXN0892,CUST1475,2026-03-10,1118.35,UPI,Tablet,Mumbai,Failed,Network Error
TXN2285,CUST1016,2026-03-10,695.6,Credit Card,Desktop,Pune,Failed,Invalid Details
TXN1010,CUST1176,2026-03-10,1664.02,UPI,Tablet,Delhi,Success,None
TXN1405,CUST1458,2026-03-10,2116.89,UPI,Tablet,Bangalore,Success,None
TXN0046,CUST1975,2026-03-10,1187.62,Credit Card,Desktop,Delhi,Success,None
TXN0603,CUST1603,2026-03-10,2229.25,Credit Card,Mobile,Delhi,Success,None
TXN1551,CUST1622,2026-03-10,236.57,UPI,Mobile,Delhi,Success,None
TXN2483,CUST1690,2026-03-10,890.75,UPI,Mobile,Delhi,Success,None
TXN2370,CUST1799,2026-03-10,214.73,UPI,Desktop,Delhi,Success,None
TXN0352,CUST1987,2026-03-10,641.56,UPI,Mobile,Bangalore,Success,None
TXN1259,CUST1144,2026-03-10,513.4,Net Banking,Mobile,Bangalore,Success,None
TXN0851,CUST1193,2026-03-10,1274.59,Credit Card,Mobile,Delhi,Success,None
TXN1248,CUST1027,2026-03-10,708.1,Wallet,Mobile,Chennai,Success,None
TXN2129,CUST1492,2026-03-10,257.08,Wallet,Mobile,Pune,Success,None
TXN1299,CUST1709,2026-03-10,297.86,Debit Card,Desktop,Chennai,Success,None
TXN0112,CUST1726,2026-03-11,2633.37,Net Banking,Mobile,Bangalore,Success,None
TXN1365,CUST1138,2026-03-11,1301.08,Debit Card,Mobile,Chennai,Success,None
TXN0629,CUST1896,2026-03-11,1693.45,UPI,Mobile,Pune,Failed,Bank Declined
TXN0675,CUST1179,2026-03-11,352.49,UPI,Desktop,Delhi,Success,None
TXN2207,CUST1036,2026-03-11,688.87,UPI,Desktop,Chennai,Success,None
TXN1374,CUST1260,2026-03-11,287.97,UPI,Mobile,Mumbai,Success,None
TXN0093,CUST1565,2026-03-11,506.19,Net Banking,Mobile,Chennai,Success,None
TXN0525,CUST1681,2026-03-11,1196.01,Debit Card,Desktop,Delhi,Success,None
TXN0663,CUST1611,2026-03-11,174.35,Debit Card,Mobile,Chennai,Success,None
TXN0639,CUST1962,2026-03-11,376.49,UPI,Mobile,Pune,Success,None
TXN1794,CUST1713,2026-03-11,998.73,Credit Card,Mobile,Pune,Success,None
TXN2651,CUST1245,2026-03-11,1348.69,UPI,Mobile,Bangalore,Success,None
TXN1634,CUST1284,2026-03-11,1062.82,Net Banking,Desktop,Bangalore,Success,None
TXN2047,CUST1413,2026-03-11,810.46,UPI,Mobile,Delhi,Success,None
TXN2662,CUST1793,2026-03-11,1755.35,UPI,Mobile,Pune,Success,None
TXN1968,CUST1267,2026-03-11,2690.53,Wallet,Desktop,Delhi,Success,None
TXN0709,CUST1576,2026-03-12,1213.23,Credit Card,Mobile,Hyderabad,Success,None
TXN0963,CUST1647,2026-03-12,840.26,Credit Card,Mobile,Hyderabad,Success,None
TXN1871,CUST1818,2026-03-12,1205.07,Credit Card,Mobile,Chennai,Success,None
TXN0548,CUST1142,2026-03-12,1591.16,Wallet,Mobile,Pune,Success,None
TXN2769,CUST1160,2026-03-12,1033.39,UPI,Mobile,Delhi,Success,None
TXN2588,CUST1287,2026-03-12,1910.93,Net Banking,Mobile,Pune,Success,None
TXN1432,CUST1409,2026-03-12,500.63,Credit Card,Mobile,Delhi,Success,None
TXN2849,CUST1601,2026-03-12,749.62,Credit Card,Mobile,Pune,Success,None
TXN2481,CUST1778,2026-03-12,542.47,Credit Card,Desktop,Pune,Success,None
TXN1921,CUST1060,2026-03-12,864.9,Debit Card,Desktop,Chennai,Success,None
TXN2941,CUST1325,2026-03-12,870.74,Net Banking,Mobile,Mumbai,Success,None
TXN2172,CUST1909,2026-03-12,1200.72,UPI,Mobile,Chennai,Success,None
TXN0940,CUST1372,2026-03-13,597.26,UPI,Desktop,Pune,Success,None
TXN1123,CUST1137,2026-03-13,408.05,Credit Card,Mobile,Hyderabad,Success,None
TXN0029,CUST1191,2026-03-13,2539.56,Credit Card,Tablet,Hyderabad,Success,None
TXN2959,CUST1782,2026-03-13,444.2,Debit Card,Mobile,Pune,Success,None
TXN1393,CUST1418,2026-03-13,645.49,Debit Card,Mobile,Bangalore,Success,None
TXN0798,CUST1383,2026-03-13,1887.1,Net Banking,Mobile,Pune,Success,None
TXN1462,CUST1103,2026-03-13,313.67,Net Banking,Desktop,Hyderabad,Success,None
TXN2865,CUST1158,2026-03-13,310.34,UPI,Mobile,Hyderabad,Failed,Bank Declined
TXN1056,CUST1448,2026-03-13,3516.99,Debit Card,Mobile,Chennai,Success,None
TXN1400,CUST1235,2026-03-13,458.34,UPI,Mobile,Bangalore,Success,None
TXN2112,CUST1343,2026-03-13,1044.37,Credit Card,Mobile,Bangalore,Success,None
TXN2454,CUST1500,2026-03-13,1313.31,UPI,Mobile,Chennai,Success,None
TXN2105,CUST1938,2026-03-13,3197.9,UPI,Mobile,Hyderabad,Success,None
TXN0491,CUST1982,2026-03-13,965.87,UPI,Desktop,Mumbai,Success,None
TXN2971,CUST1493,2026-03-13,993.13,Credit Card,Desktop,Chennai,Success,None
TXN0965,CUST1315,2026-03-14,1333.14,UPI,Desktop,Mumbai,Success,None
TXN0265,CUST1471,2026-03-14,1395.58,UPI,Mobile,Hyderabad,Success,None
TXN2505,CUST1800,2026-03-14,1459.09,Wallet,Mobile,Chennai,Success,None
TXN2204,CUST1601,2026-03-14,761.81,Credit Card,Mobile,Hyderabad,Success,None
TXN1392,CUST1549,2026-03-14,1694.87,Debit Card,Mobile,Pune,Success,None
TXN0197,CUST1742,2026-03-14,1220.69,Credit Card,Mobile,Chennai,Success,None
TXN0089,CUST1871,2026-03-14,331.9,Wallet,Mobile,Chennai,Success,None
TXN1204,CUST1025,2026-03-14,1974.8,UPI,Desktop,Mumbai,Success,None
TXN2265,CUST1362,2026-03-14,1538.14,UPI,Mobile,Bangalore,Success,None
TXN2824,CUST1413,2026-03-14,4670.49,UPI,Mobile,Mumbai,Success,None
TXN0665,CUST1253,2026-03-14,2440.33,Debit Card,Mobile,Bangalore,Success,None
TXN2045,CUST1169,2026-03-14,2556.14,Net Banking,Mobile,Delhi,Success,None
TXN2316,CUST1730,2026-03-14,610.19,UPI,Desktop,Mumbai,Success,None
TXN1619,CUST1938,2026-03-14,2007.74,UPI,Mobile,Delhi,Success,None
TXN2241,CUST1815,2026-03-14,1165.03,UPI,Desktop,Hyderabad,Success,None
TXN0393,CUST1419,2026-03-14,2508.81,Credit Card,Mobile,Hyderabad,Success,None
TXN2728,CUST1575,2026-03-15,625.18,Net Banking,Mobile,Mumbai,Success,None
TXN2460,CUST1063,2026-03-15,650.15,UPI,Mobile,Delhi,Success,None
TXN0626,CUST1487,2026-03-15,2426.02,Net Banking,Mobile,Mumbai,Success,None
TXN0792,CUST1075,2026-03-15,1119.2,UPI,Desktop,Hyderabad,Success,None
TXN2181,CUST1540,2026-03-15,194.4,UPI,Mobile,Chennai,Success,None
TXN1510,CUST1014,2026-03-15,1036.4,UPI,Mobile,Hyderabad,Success,None
TXN0735,CUST1616,2026-03-15,903.57,UPI,Mobile,Hyderabad,Success,None
TXN2646,CUST1294,2026-03-15,824.96,Credit Card,Desktop,Delhi,Success,None
TXN2250,CUST1190,2026-03-15,903.31,UPI,Mobile,Hyderabad,Failed,Network Error
TXN0727,CUST1089,2026-03-15,1017.24,UPI,Desktop,Bangalore,Success,None
TXN1652,CUST1700,2026-03-15,903.66,UPI,Mobile,Hyderabad,Success,None
TXN1843,CUST1873,2026-03-15,1006.13,UPI,Mobile,Hyderabad,Success,None
TXN1788,CUST1499,2026-03-16,6951.57,Net Banking,Mobile,Hyderabad,Failed,Technical Error
TXN0886,CUST1652,2026-03-16,798.19,Credit Card,Desktop,Bangalore,Success,None
TXN2559,CUST1021,2026-03-16,601.59,Credit Card,Mobile,Hyderabad,Success,None
TXN1264,CUST1393,2026-03-16,876.21,UPI,Mobile,Pune,Success,None
TXN1218,CUST1473,2026-03-16,923.24,Net Banking,Tablet,Bangalore,Success,None
TXN0598,CUST1658,2026-03-16,1251.85,Credit Card,Desktop,Delhi,Success,None
TXN2683,CUST1013,2026-03-16,1514.74,UPI,Mobile,Hyderabad,Success,None
TXN1707,CUST1475,2026-03-16,832.03,Wallet,Mobile,Mumbai,Success,None
TXN1376,CUST1649,2026-03-16,3156.05,UPI,Mobile,Hyderabad,Success,None
TXN1729,CUST1603,2026-03-16,639.9,Credit Card,Mobile,Mumbai,Success,None
TXN0523,CUST1038,2026-03-16,1248.14,UPI,Desktop,Hyderabad,Success,None
TXN2802,CUST1945,2026-03-16,891.72,UPI,Mobile,Chennai,Success,None
TXN2757,CUST1292,2026-03-16,1247.2,Debit Card,Mobile,Delhi,Success,None
TXN1161,CUST1666,2026-03-16,761.58,UPI,Desktop,Delhi,Success,None
TXN1536,CUST1133,2026-03-16,1042.99,Credit Card,Mobile,Hyderabad,Failed,Insufficient Funds
TXN2295,CUST1466,2026-03-16,1128.26,UPI,Desktop,Pune,Success,None
TXN0168,CUST1683,2026-03-16,1138.33,UPI,Desktop,Pune,Success,None
TXN2118,CUST1710,2026-03-16,833.37,UPI,Mobile,Mumbai,Failed,Insufficient Funds
TXN1460,CUST1820,2026-03-16,726.06,UPI,Mobile,Pune,Success,None
TXN2978,CUST1143,2026-03-17,565.44,UPI,Tablet,Chennai,Success,None
TXN1048,CUST1456,2026-03-17,2708.48,UPI,Mobile,Mumbai,Success,None
TXN1915,CUST1072,2026-03-17,2333.15,Wallet,Mobile,Delhi,Success,None
TXN1983,CUST1980,2026-03-17,982.94,Credit Card,Mobile,Delhi,Success,None
TXN2603,CUST1713,2026-03-17,1021.38,UPI,Mobile,Pune,Failed,Invalid Details
TXN1152,CUST1519,2026-03-17,1003.54,Net Banking,Desktop,Delhi,Success,None
TXN2055,CUST1738,2026-03-17,621.2,Net Banking,Mobile,Delhi,Success,None
TXN2411,CUST1491,2026-03-17,275.26,Wallet,Mobile,Pune,Success,None
TXN1026,CUST1384,2026-03-17,144.04,UPI,Mobile,Delhi,Success,None
TXN0570,CUST1782,2026-03-17,1272.92,UPI,Desktop,Chennai,Failed,Insufficient Funds
TXN1122,CUST1899,2026-03-17,1407.19,UPI,Mobile,Mumbai,Success,None
TXN1025,CUST1510,2026-03-17,732.81,Net Banking,Mobile,Bangalore,Success,None
TXN0873,CUST1786,2026-03-17,1533.29,Net Banking,Mobile,Pune,Success,None
TXN2938,CUST1042,2026-03-17,602.66,Net Banking,Mobile,Chennai,Success,None
TXN0743,CUST1412,2026-03-17,1908.85,UPI,Mobile,Mumbai,Success,None
TXN1802,CUST1881,2026-03-17,4793.34,Net Banking,Desktop,Hyderabad,Success,None
TXN2961,CUST1788,2026-03-18,1345.52,Net Banking,Mobile,Pune,Success,None
TXN2679,CUST1501,2026-03-18,940.35,Credit Card,Mobile,Delhi,Success,None
TXN0929,CUST1658,2026-03-18,951.42,UPI,Mobile,Delhi,Success,None
TXN2307,CUST1036,2026-03-18,1917.24,UPI,Mobile,Chennai,Success,None
TXN0062,CUST1020,2026-03-18,551.87,Credit Card,Mobile,Mumbai,Success,None
TXN0358,CUST1989,2026-03-18,1802.54,Credit Card,Tablet,Mumbai,Success,None
TXN0125,CUST1763,2026-03-18,1474.89,UPI,Desktop,Chennai,Success,None
TXN1291,CUST1876,2026-03-18,641.58,Credit Card,Mobile,Pune,Success,None
TXN1114,CUST1334,2026-03-18,1196.14,UPI,Desktop,Hyderabad,Success,None
TXN1789,CUST1505,2026-03-18,979.69,Wallet,Mobile,Mumbai,Success,None
TXN2937,CUST1782,2026-03-18,3357.32,Debit Card,Mobile,Mumbai,Success,None
TXN2544,CUST1689,2026-03-18,533.2,Debit Card,Mobile,Hyderabad,Success,None
TXN2952,CUST1116,2026-03-18,1784.27,Wallet,Mobile,Mumbai,Success,None
TXN0399,CUST1111,2026-03-19,2562.72,UPI,Mobile,Pune,Failed,Insufficient Funds
TXN2072,CUST1925,2026-03-19,1933.27,Debit Card,Mobile,Hyderabad,Success,None
TXN1778,CUST1260,2026-03-19,1052.12,Wallet,Mobile,Bangalore,Success,None
TXN0944,CUST1655,2026-03-19,1109.23,Credit Card,Mobile,Hyderabad,Success,None
TXN0239,CUST1384,2026-03-19,664.8,Debit Card,Mobile,Delhi,Success,None
TXN0596,CUST1105,2026-03-19,865.16,Credit Card,Mobile,Hyderabad,Success,None
TXN2128,CUST1242,2026-03-19,2741.06,UPI,Mobile,Mumbai,Failed,Bank Declined
TXN0987,CUST1252,2026-03-19,871.7,UPI,Mobile,Hyderabad,Success,None
TXN0061,CUST1646,2026-03-19,558.98,Credit Card,Mobile,Pune,Success,None
TXN0428,CUST1400,2026-03-19,1168.92,UPI,Mobile,Chennai,Success,None
TXN1523,CUST1754,2026-03-20,582.96,Net Banking,Desktop,Hyderabad,Success,None
TXN1213,CUST1302,2026-03-20,978.23,Net Banking,Mobile,Bangalore,Success,None
TXN0347,CUST1550,2026-03-20,3416.2,Debit Card,Mobile,Hyderabad,Success,None
TXN2546,CUST1317,2026-03-20,1427.9,Debit Card,Mobile,Bangalore,Success,None
TXN2145,CUST1046,2026-03-20,9047.99,Net Banking,Mobile,Delhi,Success,None
TXN2667,CUST1598,2026-03-20,678.8,UPI,Mobile,Bangalore,Success,None
TXN0298,CUST1683,2026-03-20,427.56,Credit Card,Desktop,Delhi,Failed,Technical Error
TXN2537,CUST1222,2026-03-20,1740.26,UPI,Tablet,Mumbai,Success,None
TXN0763,CUST1662,2026-03-20,2705.88,UPI,Tablet,Hyderabad,Success,None
TXN1717,CUST1983,2026-03-20,1118.4,Credit Card,Desktop,Pune,Success,None
TXN1539,CUST1814,2026-03-20,844.67,Credit Card,Desktop,Hyderabad,Success,None
TXN2338,CUST1947,2026-03-20,413.21,Wallet,Mobile,Bangalore,Success,None
TXN0229,CUST1797,2026-03-20,2739.71,UPI,Desktop,Delhi,Success,None
TXN2217,CUST1300,2026-03-20,2117.49,UPI,Desktop,Chennai,Success,None
TXN0810,CUST1890,2026-03-21,2287.0,Debit Card,Mobile,Mumbai,Success,None
TXN1823,CUST1726,2026-03-21,2055.51,Net Banking,Mobile,Delhi,Success,None
TXN2092,CUST1948,2026-03-21,1097.18,Debit Card,Desktop,Hyderabad,Success,None
TXN0216,CUST1085,2026-03-21,2478.06,UPI,Desktop,Pune,Success,None
TXN0193,CUST1460,2026-03-21,842.24,Credit Card,Mobile,Pune,Success,None
TXN2087,CUST1957,2026-03-21,848.0,UPI,Desktop,Mumbai,Success,None
TXN2619,CUST1956,2026-03-21,1164.64,UPI,Mobile,Hyderabad,Success,None
TXN2511,CUST1115,2026-03-21,859.06,UPI,Mobile,Pune,Success,None
TXN2396,CUST1506,2026-03-21,1567.43,UPI,Mobile,Delhi,Success,None
TXN0269,CUST1829,2026-03-21,537.19,Net Banking,Mobile,Hyderabad,Success,None
TXN0660,CUST1431,2026-03-21,899.12,UPI,Mobile,Chennai,Success,None
TXN0552,CUST1799,2026-03-21,1034.46,Credit Card,Desktop,Delhi,Success,None
TXN2028,CUST1887,2026-03-22,1441.82,Credit Card,Desktop,Bangalore,Success,None
TXN2931,CUST1993,2026-03-22,237.66,Net Banking,Mobile,Bangalore,Success,None
TXN2620,CUST1023,2026-03-22,727.05,UPI,Tablet,Bangalore,Success,None
TXN1834,CUST1033,2026-03-22,768.17,UPI,Mobile,Mumbai,Success,None
TXN2950,CUST1335,2026-03-22,1233.93,Credit Card,Mobile,Delhi,Success,None
TXN1397,CUST1580,2026-03-22,839.92,UPI,Mobile,Chennai,Success,None
TXN1396,CUST1816,2026-03-22,583.16,Credit Card,Desktop,Mumbai,Success,None
TXN2052,CUST1273,2026-03-22,803.15,Net Banking,Desktop,Delhi,Success,None
TXN1507,CUST1215,2026-03-22,1158.8,Wallet,Mobile,Delhi,Success,None
TXN1659,CUST1989,2026-03-22,4363.23,Credit Card,Mobile,Chennai,Success,None
TXN2042,CUST1449,2026-03-22,692.16,Net Banking,Mobile,Bangalore,Success,None
TXN2060,CUST1957,2026-03-22,298.05,Credit Card,Mobile,Delhi,Success,None
TXN3000,CUST1311,2026-03-22,3296.49,Credit Card,Desktop,Pune,Success,None
TXN0389,CUST1627,2026-03-22,4150.95,UPI,Desktop,Mumbai,Success,None
TXN1181,CUST1523,2026-03-22,558.63,UPI,Desktop,Delhi,Success,None
TXN0712,CUST1841,2026-03-22,630.8,Debit Card,Mobile,Delhi,Success,None
TXN0612,CUST1126,2026-03-22,1192.4,Debit Card,Desktop,Pune,Success,None
TXN2297,CUST1454,2026-03-23,1648.92,Debit Card,Mobile,Hyderabad,Success,None
TXN2326,CUST1473,2026-03-23,744.28,UPI,Mobile,Bangalore,Success,None
TXN0186,CUST1794,2026-03-23,895.91,UPI,Desktop,Hyderabad,Success,None
TXN2936,CUST1739,2026-03-23,1136.8,UPI,Desktop,Mumbai,Success,None
TXN0692,CUST1895,2026-03-23,580.71,Credit Card,Mobile,Hyderabad,Failed,Technical Error
TXN1567,CUST1904,2026-03-23,2201.84,Credit Card,Tablet,Bangalore,Success,None
TXN2301,CUST1993,2026-03-23,1706.99,Debit Card,Desktop,Bangalore,Success,None
TXN1889,CUST1097,2026-03-23,1651.23,UPI,Desktop,Pune,Success,None
TXN2889,CUST1724,2026-03-23,1054.44,UPI,Mobile,Bangalore,Success,None
TXN1140,CUST1751,2026-03-23,748.24,Debit Card,Desktop,Delhi,Success,None
TXN2542,CUST1263,2026-03-23,590.52,Credit Card,Mobile,Mumbai,Success,None
TXN0884,CUST1450,2026-03-23,1929.9,UPI,Tablet,Hyderabad,Failed,Network Error
TXN0308,CUST1122,2026-03-23,1680.78,Credit Card,Mobile,Chennai,Success,None
TXN2168,CUST1892,2026-03-23,1338.6,Credit Card,Desktop,Delhi,Success,None
TXN1335,CUST1946,2026-03-23,324.02,UPI,Desktop,Mumbai,Success,None
TXN1383,CUST1320,2026-03-23,329.66,Net Banking,Mobile,Bangalore,Success,None
TXN1533,CUST1841,2026-03-23,1403.33,UPI,Desktop,Mumbai,Success,None
TXN0669,CUST1761,2026-03-23,6627.18,Credit Card,Desktop,Pune,Success,None
TXN1146,CUST1182,2026-03-23,3616.48,Credit Card,Mobile,Delhi,Success,None
TXN0320,CUST1751,2026-03-23,493.16,Debit Card,Mobile,Bangalore,Success,None
TXN0559,CUST1574,2026-03-23,1202.49,UPI,Mobile,Mumbai,Success,None
TXN2153,CUST1572,2026-03-23,350.24,UPI,Mobile,Pune,Success,None
TXN2237,CUST1091,2026-03-24,3713.25,Net Banking,Desktop,Hyderabad,Success,None
TXN2085,CUST1323,2026-03-24,2161.77,Credit Card,Tablet,Delhi,Success,None
TXN2517,CUST1870,2026-03-24,929.57,Debit Card,Mobile,Mumbai,Success,None
TXN2080,CUST1002,2026-03-24,541.82,Credit Card,Mobile,Bangalore,Success,None
TXN1571,CUST1295,2026-03-24,1363.21,Credit Card,Mobile,Hyderabad,Success,None
TXN2068,CUST1747,2026-03-24,1416.77,Credit Card,Desktop,Pune,Failed,Network Error
TXN2550,CUST1250,2026-03-24,499.07,Wallet,Desktop,Pune,Success,None
TXN2213,CUST1972,2026-03-24,873.05,UPI,Mobile,Hyderabad,Success,None
TXN2110,CUST1318,2026-03-24,1259.78,UPI,Mobile,Delhi,Failed,Technical Error
TXN1469,CUST1390,2026-03-24,953.05,Net Banking,Mobile,Hyderabad,Success,None
TXN2766,CUST1756,2026-03-24,1071.93,UPI,Tablet,Pune,Success,None
TXN2368,CUST1074,2026-03-24,1719.28,UPI,Mobile,Bangalore,Success,None
TXN0261,CUST1826,2026-03-24,682.89,Credit Card,Desktop,Chennai,Success,None
TXN1742,CUST1499,2026-03-24,1286.99,Wallet,Mobile,Delhi,Success,None
TXN0955,CUST1407,2026-03-24,1619.89,UPI,Mobile,Delhi,Success,None
TXN2720,CUST1256,2026-03-24,1170.34,Wallet,Mobile,Mumbai,Failed,Network Error
TXN2367,CUST1156,2026-03-25,607.27,UPI,Mobile,Bangalore,Failed,Technical Error
TXN2654,CUST1642,2026-03-25,320.33,UPI,Desktop,Hyderabad,Success,None
TXN0646,CUST1696,2026-03-25,1336.84,Credit Card,Mobile,Bangalore,Success,None
TXN2652,CUST1636,2026-03-25,1342.54,Wallet,Tablet,Bangalore,Failed,Insufficient Funds
TXN2813,CUST1516,2026-03-25,361.07,Credit Card,Tablet,Pune,Success,None
TXN2860,CUST1687,2026-03-25,745.14,Wallet,Mobile,Chennai,Success,None
TXN1170,CUST1004,2026-03-25,619.41,Credit Card,Mobile,Chennai,Success,None
TXN1761,CUST1547,2026-03-25,3492.34,Debit Card,Mobile,Delhi,Success,None
TXN1076,CUST1235,2026-03-25,1258.4,UPI,Mobile,Hyderabad,Failed,Technical Error
TXN0668,CUST1022,2026-03-25,1318.81,Net Banking,Tablet,Delhi,Success,None
TXN2049,CUST1758,2026-03-25,418.37,Debit Card,Desktop,Mumbai,Success,None
TXN2143,CUST1772,2026-03-25,1163.14,UPI,Desktop,Hyderabad,Success,None
TXN1597,CUST1136,2026-03-25,596.76,Debit Card,Mobile,Hyderabad,Failed,Network Error
TXN1139,CUST1042,2026-03-25,1074.04,Net Banking,Mobile,Hyderabad,Success,None
TXN1678,CUST1589,2026-03-25,283.35,Credit Card,Mobile,Delhi,Success,None
TXN0004,CUST1270,2026-03-25,913.06,UPI,Mobile,Mumbai,Success,None
TXN1835,CUST1016,2026-03-25,781.5,UPI,Mobile,Mumbai,Success,None
TXN1929,CUST1497,2026-03-25,656.36,UPI,Desktop,Pune,Success,None
TXN1150,CUST1373,2026-03-25,358.9,UPI,Mobile,Bangalore,Success,None
TXN0945,CUST1470,2026-03-25,1906.96,Debit Card,Tablet,Chennai,Success,None
TXN2989,CUST1349,2026-03-25,395.59,Debit Card,Mobile,Chennai,Success,None
TXN0154,CUST1027,2026-03-25,441.01,Credit Card,Tablet,Bangalore,Failed,Network Error
TXN2193,CUST1394,2026-03-25,789.6,Net Banking,Mobile,Pune,Success,None
TXN0068,CUST1315,2026-03-26,626.69,UPI,Mobile,Delhi,Failed,Invalid Details
TXN2256,CUST1746,2026-03-26,613.3,Credit Card,Desktop,Mumbai,Success,None
TXN2328,CUST1209,2026-03-26,1311.93,UPI,Mobile,Bangalore,Success,None
TXN0797,CUST1734,2026-03-26,2545.63,Debit Card,Mobile,Delhi,Success,None
TXN2717,CUST1843,2026-03-26,802.02,Credit Card,Mobile,Chennai,Success,None
TXN1976,CUST1287,2026-03-26,397.66,Credit Card,Mobile,Mumbai,Success,None
TXN1090,CUST1909,2026-03-26,919.56,Debit Card,Desktop,Mumbai,Success,None
TXN1316,CUST1542,2026-03-26,2171.07,UPI,Desktop,Hyderabad,Success,None
TXN2427,CUST1386,2026-03-26,4817.89,Credit Card,Mobile,Delhi,Success,None
TXN1340,CUST1714,2026-03-26,365.0,Credit Card,Mobile,Hyderabad,Success,None
TXN0166,CUST1804,2026-03-26,881.22,Credit Card,Desktop,Chennai,Success,None
TXN2360,CUST1098,2026-03-26,2897.9,Debit Card,Mobile,Delhi,Success,None
TXN0701,CUST1544,2026-03-26,1067.74,Debit Card,Mobile,Bangalore,Success,None
TXN0728,CUST1775,2026-03-26,2207.45,Credit Card,Mobile,Pune,Success,None
TXN1777,CUST1531,2026-03-27,398.28,Credit Card,Desktop,Pune,Success,None
TXN0742,CUST1074,2026-03-27,1865.76,UPI,Mobile,Hyderabad,Success,None
TXN0111,CUST1461,2026-03-27,1991.26,Credit Card,Mobile,Hyderabad,Failed,Insufficient Funds
TXN2707,CUST1286,2026-03-27,1880.96,Debit Card,Mobile,Chennai,Success,None
TXN2887,CUST1454,2026-03-27,1177.59,UPI,Mobile,Bangalore,Success,None
TXN0654,CUST1957,2026-03-27,2375.23,Credit Card,Mobile,Mumbai,Success,None
TXN0456,CUST1452,2026-03-27,1164.09,Debit Card,Mobile,Hyderabad,Success,None
TXN1305,CUST1842,2026-03-27,832.92,UPI,Desktop,Pune,Success,None
TXN1981,CUST1918,2026-03-27,1249.88,UPI,Mobile,Pune,Success,None
TXN0512,CUST1154,2026-03-27,851.41,UPI,Mobile,Hyderabad,Success,None
TXN1839,CUST1377,2026-03-27,2696.66,Credit Card,Mobile,Hyderabad,Success,None
TXN0710,CUST1416,2026-03-27,1955.98,Wallet,Mobile,Hyderabad,Success,None
TXN1051,CUST1050,2026-03-27,1350.13,UPI,Mobile,Hyderabad,Success,None
TXN0179,CUST1768,2026-03-27,237.53,UPI,Mobile,Bangalore,Failed,Network Error
TXN0721,CUST1252,2026-03-27,386.68,UPI,Desktop,Chennai,Success,None
TXN2510,CUST1588,2026-03-27,356.62,UPI,Mobile,Bangalore,Success,None
TXN1837,CUST1152,2026-03-27,384.83,UPI,Desktop,Delhi,Success,None
TXN0293,CUST1384,2026-03-27,1678.93,Wallet,Mobile,Delhi,Failed,Insufficient Funds
TXN0995,CUST1449,2026-03-27,753.46,Credit Card,Mobile,Pune,Failed,Insufficient Funds
TXN2417,CUST1984,2026-03-28,691.67,Net Banking,Mobile,Mumbai,Success,None
TXN0911,CUST1116,2026-03-28,2088.1,Credit Card,Desktop,Delhi,Success,None
TXN2734,CUST1932,2026-03-28,2570.56,UPI,Mobile,Bangalore,Success,None
TXN1286,CUST1319,2026-03-28,1419.58,UPI,Mobile,Hyderabad,Success,None
TXN0349,CUST1871,2026-03-28,328.88,Debit Card,Desktop,Hyderabad,Success,None
TXN1057,CUST1880,2026-03-28,590.57,Wallet,Desktop,Pune,Success,None
TXN0695,CUST1851,2026-03-28,587.66,UPI,Mobile,Bangalore,Success,None
TXN2410,CUST1270,2026-03-28,327.68,UPI,Mobile,Mumbai,Success,None
TXN0359,CUST1297,2026-03-28,2323.94,UPI,Mobile,Mumbai,Success,None
TXN2910,CUST1967,2026-03-28,1390.51,UPI,Mobile,Bangalore,Success,None
TXN1134,CUST1052,2026-03-28,956.93,UPI,Desktop,Mumbai,Success,None
TXN1308,CUST1349,2026-03-28,3151.94,UPI,Desktop,Hyderabad,Success,None
TXN1988,CUST1334,2026-03-28,1443.86,UPI,Desktop,Delhi,Success,None
TXN1022,CUST1609,2026-03-28,1902.5,UPI,Mobile,Chennai,Success,None
TXN2761,CUST1000,2026-03-28,1171.63,UPI,Mobile,Bangalore,Success,None
TXN1898,CUST1761,2026-03-28,452.44,UPI,Mobile,Hyderabad,Success,None
TXN1624,CUST1181,2026-03-28,3413.6,UPI,Mobile,Delhi,Success,None
TXN1545,CUST1140,2026-03-28,414.59,Debit Card,Mobile,Chennai,Success,None
TXN0355,CUST1945,2026-03-28,1690.94,Net Banking,Desktop,Hyderabad,Success,None
TXN2030,CUST1515,2026-03-29,707.4,UPI,Mobile,Bangalore,Success,None
TXN1103,CUST1797,2026-03-29,336.09,UPI,Desktop,Mumbai,Success,None
TXN2350,CUST1458,2026-03-29,1692.66,UPI,Mobile,Hyderabad,Failed,Technical Error
TXN0350,CUST1640,2026-03-29,3941.74,UPI,Mobile,Mumbai,Success,None
TXN2382,CUST1439,2026-03-29,3522.44,Credit Card,Desktop,Bangalore,Failed,Network Error
TXN0470,CUST1045,2026-03-29,2853.52,Net Banking,Desktop,Bangalore,Success,None
TXN2892,CUST1075,2026-03-29,1810.27,Debit Card,Mobile,Chennai,Success,None
TXN0744,CUST1375,2026-03-29,1900.87,UPI,Mobile,Chennai,Success,None
TXN0949,CUST1329,2026-03-29,939.69,Credit Card,Mobile,Chennai,Success,None
TXN1836,CUST1676,2026-03-29,1195.79,Debit Card,Mobile,Delhi,Success,None
TXN1262,CUST1024,2026-03-29,1853.75,UPI,Tablet,Hyderabad,Success,None
TXN2478,CUST1101,2026-03-29,1597.0,UPI,Desktop,Chennai,Success,None
TXN2823,CUST1969,2026-03-29,2504.74,Wallet,Desktop,Delhi,Success,None
TXN1546,CUST1615,2026-03-29,2272.51,Credit Card,Mobile,Chennai,Success,None
TXN1098,CUST1737,2026-03-29,2030.83,Credit Card,Desktop,Mumbai,Success,None
TXN1805,CUST1525,2026-03-30,874.42,Net Banking,Mobile,Hyderabad,Success,None
TXN2095,CUST1398,2026-03-30,413.7,Debit Card,Tablet,Bangalore,Success,None
TXN0700,CUST1379,2026-03-30,189.13,UPI,Mobile,Bangalore,Success,None
TXN0784,CUST1698,2026-03-30,1474.76,UPI,Desktop,Hyderabad,Failed,Technical Error
TXN1869,CUST1362,2026-03-30,1457.84,Credit Card,Mobile,Bangalore,Success,None
TXN0254,CUST1676,2026-03-30,1018.05,Debit Card,Desktop,Chennai,Success,None
TXN0984,CUST1908,2026-03-30,1593.29,UPI,Mobile,Delhi,Success,None
TXN2319,CUST1523,2026-03-30,283.84,UPI,Mobile,Hyderabad,Success,None
TXN2985,CUST1588,2026-03-30,329.41,Credit Card,Desktop,Bangalore,Failed,Technical Error
TXN2764,CUST1197,2026-03-30,2162.61,Net Banking,Mobile,Pune,Success,None
TXN2176,CUST1616,2026-03-30,1049.6,UPI,Mobile,Mumbai,Success,None
TXN2919,CUST1793,2026-03-30,657.93,Credit Card,Mobile,Mumbai,Success,None
TXN0458,CUST1815,2026-03-30,5403.93,UPI,Mobile,Bangalore,Success,None
TXN2946,CUST1426,2026-03-30,1495.58,Credit Card,Desktop,Mumbai,Success,None
TXN0042,CUST1510,2026-03-30,802.42,UPI,Mobile,Mumbai,Success,None
TXN1736,CUST1287,2026-03-31,1104.35,Debit Card,Mobile,Hyderabad,Success,None
TXN0601,CUST1830,2026-03-31,1198.19,Credit Card,Mobile,Bangalore,Success,None
TXN2793,CUST1427,2026-03-31,284.05,Debit Card,Mobile,Delhi,Success,None
TXN2953,CUST1123,2026-03-31,4183.52,Credit Card,Mobile,Chennai,Success,None
TXN0513,CUST1489,2026-03-31,501.49,UPI,Mobile,Pune,Success,None
TXN1128,CUST1507,2026-03-31,615.12,Net Banking,Mobile,Delhi,Success,None
TXN1801,CUST1720,2026-03-31,579.8,UPI,Mobile,Chennai,Success,None
TXN2599,CUST1872,2026-03-31,1765.64,UPI,Desktop,Bangalore,Success,None
TXN0630,CUST1271,2026-03-31,2271.36,Wallet,Desktop,Hyderabad,Success,None
TXN1881,CUST1511,2026-03-31,125.24,Credit Card,Mobile,Chennai,Success,None
TXN1676,CUST1017,2026-03-31,421.36,Wallet,Desktop,Mumbai,Success,None
TXN1088,CUST1228,2026-03-31,1410.24,UPI,Mobile,Pune,Success,None
TXN2625,CUST1363,2026-03-31,175.32,UPI,Mobile,Hyderabad,Failed,Invalid Details
TXN1721,CUST1327,2026-03-31,865.17,Credit Card,Mobile,Pune,Success,None
TXN2695,CUST1065,2026-04-01,767.33,Credit Card,Mobile,Bangalore,Success,None
TXN2692,CUST1890,2026-04-01,350.89,UPI,Mobile,Mumbai,Success,None
TXN2313,CUST1483,2026-04-01,1066.92,Credit Card,Mobile,Delhi,Success,None
TXN0202,CUST1733,2026-04-01,916.76,Credit Card,Tablet,Hyderabad,Success,None
TXN2563,CUST1126,2026-04-01,1099.69,Credit Card,Desktop,Bangalore,Failed,Invalid Details
TXN1053,CUST1716,2026-04-01,693.62,Debit Card,Mobile,Delhi,Success,None
TXN0933,CUST1046,2026-04-01,701.02,UPI,Mobile,Pune,Success,None
TXN0409,CUST1705,2026-04-01,841.94,Credit Card,Mobile,Chennai,Failed,Insufficient Funds
TXN1350,CUST1835,2026-04-01,1481.85,Credit Card,Mobile,Mumbai,Success,None
TXN1132,CUST1545,2026-04-01,333.12,Credit Card,Mobile,Pune,Success,None
TXN1854,CUST1748,2026-04-01,480.91,UPI,Desktop,Bangalore,Success,None
TXN1880,CUST1010,2026-04-01,708.34,Net Banking,Mobile,Pune,Success,None
TXN0033,CUST1459,2026-04-01,1305.61,Wallet,Mobile,Hyderabad,Success,None
TXN0897,CUST1934,2026-04-01,1304.78,Credit Card,Tablet,Delhi,Success,None
TXN1888,CUST1309,2026-04-01,614.89,UPI,Mobile,Delhi,Success,None
TXN1044,CUST1082,2026-04-02,736.33,Credit Card,Mobile,Bangalore,Failed,Network Error
TXN2363,CUST1038,2026-04-02,1866.87,Debit Card,Desktop,Hyderabad,Success,None
TXN0460,CUST1515,2026-04-02,450.66,Credit Card,Mobile,Bangalore,Success,None
TXN1684,CUST1112,2026-04-02,1990.29,UPI,Desktop,Mumbai,Success,None
TXN2269,CUST1926,2026-04-02,1156.08,Credit Card,Desktop,Mumbai,Success,None
TXN2339,CUST1380,2026-04-02,2195.63,UPI,Mobile,Chennai,Success,None
TXN0143,CUST1498,2026-04-02,241.04,Net Banking,Desktop,Delhi,Success,None
TXN1384,CUST1318,2026-04-02,1121.73,Credit Card,Desktop,Hyderabad,Success,None
TXN1325,CUST1731,2026-04-02,331.73,UPI,Mobile,Pune,Success,None
TXN0236,CUST1230,2026-04-02,2348.23,Credit Card,Mobile,Hyderabad,Success,None
TXN2569,CUST1977,2026-04-02,430.99,UPI,Mobile,Bangalore,Success,None
TXN2589,CUST1306,2026-04-02,1469.98,Debit Card,Mobile,Pune,Failed,Network Error
TXN0765,CUST1735,2026-04-02,772.04,Wallet,Desktop,Hyderabad,Failed,Network Error
TXN0291,CUST1735,2026-04-02,1308.34,Credit Card,Desktop,Delhi,Success,None
TXN2873,CUST1643,2026-04-03,941.64,Wallet,Mobile,Bangalore,Success,None
TXN2982,CUST1657,2026-04-03,1747.99,Wallet,Mobile,Mumbai,Success,None
TXN1886,CUST1743,2026-04-03,4534.26,UPI,Mobile,Pune,Success,None
TXN1174,CUST1828,2026-04-03,2233.37,Credit Card,Mobile,Pune,Success,None
TXN2775,CUST1692,2026-04-03,1683.4,Debit Card,Mobile,Mumbai,Success,None
TXN1034,CUST1644,2026-04-03,940.75,Debit Card,Mobile,Hyderabad,Failed,Invalid Details
TXN2263,CUST1393,2026-04-03,1797.75,Credit Card,Desktop,Hyderabad,Success,None
TXN0621,CUST1095,2026-04-03,172.67,Debit Card,Desktop,Bangalore,Success,None
TXN1069,CUST1117,2026-04-03,1528.06,UPI,Mobile,Delhi,Failed,Network Error
TXN0245,CUST1972,2026-04-03,3125.26,Debit Card,Mobile,Delhi,Success,None
TXN2509,CUST1928,2026-04-03,613.77,UPI,Desktop,Mumbai,Success,None
TXN1838,CUST1997,2026-04-03,2146.53,Credit Card,Tablet,Delhi,Success,None
TXN1411,CUST1512,2026-04-03,542.07,Credit Card,Desktop,Mumbai,Success,None
TXN1540,CUST1345,2026-04-03,3999.18,Credit Card,Mobile,Hyderabad,Success,None
TXN1783,CUST1904,2026-04-03,7617.66,UPI,Mobile,Delhi,Success,None
TXN1859,CUST1400,2026-04-03,1260.26,Wallet,Tablet,Chennai,Success,None
TXN2469,CUST1365,2026-04-03,1733.94,UPI,Mobile,Mumbai,Success,None
TXN1870,CUST1704,2026-04-03,559.3,Credit Card,Tablet,Hyderabad,Success,None
TXN2843,CUST1975,2026-04-04,479.67,UPI,Tablet,Chennai,Success,None
TXN1875,CUST1793,2026-04-04,1113.73,Net Banking,Mobile,Chennai,Success,None
TXN0895,CUST1894,2026-04-04,1088.86,Debit Card,Mobile,Chennai,Failed,Insufficient Funds
TXN2431,CUST1692,2026-04-04,2390.42,Credit Card,Mobile,Mumbai,Success,None
TXN1178,CUST1512,2026-04-04,4934.16,Credit Card,Mobile,Delhi,Success,None
TXN2615,CUST1861,2026-04-04,2143.22,UPI,Mobile,Delhi,Success,None
TXN2794,CUST1293,2026-04-04,830.45,Debit Card,Mobile,Pune,Success,None
TXN1830,CUST1041,2026-04-04,458.01,UPI,Desktop,Delhi,Success,None
TXN1595,CUST1968,2026-04-04,523.13,Net Banking,Desktop,Bangalore,Success,None
TXN2874,CUST1613,2026-04-04,1435.11,Net Banking,Tablet,Hyderabad,Failed,Network Error
TXN0381,CUST1207,2026-04-04,1258.17,UPI,Tablet,Hyderabad,Success,None
TXN2298,CUST1585,2026-04-04,799.93,Debit Card,Mobile,Pune,Success,None
TXN0579,CUST1004,2026-04-04,2373.33,Debit Card,Mobile,Bangalore,Success,None
TXN0610,CUST1829,2026-04-04,1948.23,UPI,Mobile,Chennai,Success,None
TXN2831,CUST1743,2026-04-05,988.05,Credit Card,Mobile,Hyderabad,Success,None
TXN1962,CUST1975,2026-04-05,432.7,Credit Card,Mobile,Hyderabad,Success,None
TXN0212,CUST1159,2026-04-05,1328.52,Debit Card,Mobile,Hyderabad,Success,None
TXN2697,CUST1228,2026-04-05,3600.41,Debit Card,Mobile,Hyderabad,Success,None
TXN2955,CUST1792,2026-04-05,1045.86,Credit Card,Tablet,Pune,Success,None
TXN0468,CUST1157,2026-04-05,2698.77,UPI,Desktop,Chennai,Failed,Technical Error
TXN1747,CUST1734,2026-04-05,656.36,UPI,Mobile,Chennai,Success,None
TXN1792,CUST1279,2026-04-05,971.74,UPI,Mobile,Delhi,Success,None
TXN0415,CUST1995,2026-04-05,1678.89,Debit Card,Desktop,Hyderabad,Success,None
TXN2097,CUST1888,2026-04-05,5135.18,UPI,Mobile,Pune,Success,None
TXN1543,CUST1395,2026-04-06,1888.72,Debit Card,Mobile,Bangalore,Success,None
TXN2205,CUST1913,2026-04-06,1085.42,Net Banking,Desktop,Chennai,Success,None
TXN2388,CUST1868,2026-04-06,908.19,UPI,Mobile,Bangalore,Success,None
TXN2665,CUST1751,2026-04-06,1493.89,Credit Card,Tablet,Hyderabad,Success,None
TXN1373,CUST1009,2026-04-06,604.37,Credit Card,Desktop,Mumbai,Success,None
TXN1399,CUST1955,2026-04-06,648.56,Wallet,Desktop,Bangalore,Success,None
TXN0235,CUST1472,2026-04-06,2690.96,Debit Card,Mobile,Delhi,Success,None
TXN1727,CUST1050,2026-04-06,3801.92,Credit Card,Mobile,Bangalore,Success,None
TXN2064,CUST1747,2026-04-06,496.84,UPI,Mobile,Mumbai,Success,None
TXN2969,CUST1372,2026-04-06,3264.06,Credit Card,Mobile,Chennai,Success,None
TXN2562,CUST1514,2026-04-06,455.93,Net Banking,Mobile,Mumbai,Success,None
TXN2901,CUST1304,2026-04-06,1188.93,UPI,Mobile,Delhi,Success,None
TXN2033,CUST1920,2026-04-06,1262.32,UPI,Mobile,Hyderabad,Success,None
TXN1829,CUST1852,2026-04-06,450.34,Debit Card,Desktop,Pune,Success,None
TXN0382,CUST1130,2026-04-06,627.37,UPI,Tablet,Chennai,Success,None
TXN0339,CUST1147,2026-04-07,1744.83,UPI,Mobile,Chennai,Success,None
TXN0086,CUST1080,2026-04-07,1788.82,Credit Card,Desktop,Bangalore,Success,None
TXN2323,CUST1885,2026-04-07,591.7,Debit Card,Mobile,Chennai,Success,None
TXN0854,CUST1164,2026-04-07,3722.35,Credit Card,Mobile,Bangalore,Success,None
TXN2397,CUST1256,2026-04-07,2026.66,UPI,Mobile,Bangalore,Success,None
TXN0475,CUST1744,2026-04-07,265.66,Credit Card,Mobile,Pune,Failed,Technical Error
TXN1087,CUST1206,2026-04-07,871.08,UPI,Mobile,Bangalore,Success,None
TXN2124,CUST1860,2026-04-07,677.14,UPI,Mobile,Bangalore,Success,None
TXN0091,CUST1001,2026-04-07,907.68,UPI,Mobile,Pune,Success,None
TXN0271,CUST1441,2026-04-07,925.91,Credit Card,Mobile,Pune,Success,None
TXN0778,CUST1061,2026-04-07,798.05,UPI,Mobile,Pune,Success,None
TXN0725,CUST1726,2026-04-08,2795.72,Wallet,Mobile,Delhi,Success,None
TXN1715,CUST1758,2026-04-08,917.94,UPI,Mobile,Chennai,Success,None
TXN1330,CUST1117,2026-04-08,1833.93,UPI,Desktop,Delhi,Success,None
TXN2465,CUST1273,2026-04-08,966.69,Net Banking,Mobile,Pune,Success,None
TXN1907,CUST1957,2026-04-08,826.36,Net Banking,Mobile,Mumbai,Success,None
TXN0736,CUST1902,2026-04-08,1503.61,Credit Card,Desktop,Hyderabad,Success,None
TXN1312,CUST1136,2026-04-08,970.32,UPI,Mobile,Pune,Success,None
TXN2341,CUST1006,2026-04-08,1310.41,Wallet,Mobile,Delhi,Success,None
TXN0724,CUST1034,2026-04-08,367.17,UPI,Mobile,Hyderabad,Success,None
TXN2175,CUST1266,2026-04-08,1748.82,UPI,Mobile,Bangalore,Success,None
TXN1352,CUST1723,2026-04-08,1215.07,Wallet,Tablet,Mumbai,Success,None
TXN2226,CUST1865,2026-04-08,1099.1,Credit Card,Desktop,Hyderabad,Success,None
TXN0934,CUST1232,2026-04-08,587.79,UPI,Mobile,Hyderabad,Success,None
TXN0716,CUST1396,2026-04-08,303.58,Credit Card,Desktop,Pune,Success,None
TXN2847,CUST1068,2026-04-08,1339.14,Credit Card,Desktop,Delhi,Success,None
TXN1209,CUST1866,2026-04-08,1871.67,UPI,Desktop,Chennai,Success,None
TXN1534,CUST1871,2026-04-08,595.71,Debit Card,Desktop,Pune,Success,None
TXN0118,CUST1748,2026-04-08,1563.15,UPI,Mobile,Chennai,Success,None
TXN0500,CUST1569,2026-04-08,2147.31,UPI,Mobile,Hyderabad,Success,None
TXN1819,CUST1441,2026-04-08,2259.25,Debit Card,Mobile,Pune,Success,None
TXN1607,CUST1536,2026-04-09,1713.69,Credit Card,Mobile,Pune,Success,None
TXN2906,CUST1101,2026-04-09,1076.49,Credit Card,Mobile,Pune,Success,None
TXN1914,CUST1500,2026-04-09,1711.06,Debit Card,Mobile,Hyderabad,Success,None
TXN1877,CUST1148,2026-04-09,1255.57,UPI,Mobile,Delhi,Success,None
TXN2975,CUST1155,2026-04-09,696.09,Debit Card,Mobile,Hyderabad,Success,None
TXN0749,CUST1675,2026-04-09,2215.12,Net Banking,Desktop,Chennai,Success,None
TXN2584,CUST1732,2026-04-09,203.49,UPI,Tablet,Delhi,Failed,Bank Declined
TXN1461,CUST1615,2026-04-09,791.57,UPI,Mobile,Delhi,Failed,Insufficient Funds
TXN1201,CUST1047,2026-04-09,772.11,Net Banking,Mobile,Pune,Success,None
TXN1071,CUST1890,2026-04-09,3175.13,Wallet,Desktop,Chennai,Success,None
TXN2715,CUST1604,2026-04-09,4503.7,Debit Card,Mobile,Delhi,Success,None
TXN1798,CUST1726,2026-04-09,1196.53,UPI,Mobile,Bangalore,Success,None
TXN1334,CUST1997,2026-04-09,1624.16,UPI,Desktop,Mumbai,Success,None
TXN0263,CUST1671,2026-04-09,1173.54,Debit Card,Mobile,Bangalore,Success,None
TXN0928,CUST1226,2026-04-09,1163.93,Net Banking,Mobile,Bangalore,Success,None
TXN2643,CUST1417,2026-04-10,2554.46,Debit Card,Mobile,Pune,Failed,Network Error
TXN0575,CUST1263,2026-04-10,1137.11,Credit Card,Desktop,Mumbai,Success,None
TXN0939,CUST1512,2026-04-10,1543.29,UPI,Mobile,Pune,Success,None
TXN1614,CUST1474,2026-04-10,793.97,UPI,Mobile,Delhi,Success,None
TXN1622,CUST1762,2026-04-10,844.38,Credit Card,Desktop,Chennai,Success,None
TXN2225,CUST1039,2026-04-10,1359.0,Credit Card,Mobile,Delhi,Failed,Technical Error
TXN2062,CUST1317,2026-04-10,1997.42,Net Banking,Desktop,Delhi,Success,None
TXN0638,CUST1246,2026-04-10,1663.95,Debit Card,Desktop,Delhi,Success,None
TXN0628,CUST1884,2026-04-10,737.83,UPI,Mobile,Bangalore,Success,None
TXN1660,CUST1214,2026-04-10,1466.48,UPI,Mobile,Chennai,Success,None
TXN1223,CUST1385,2026-04-10,824.55,Credit Card,Mobile,Chennai,Success,None
TXN2713,CUST1591,2026-04-10,1449.18,UPI,Tablet,Chennai,Success,None
TXN1640,CUST1468,2026-04-10,961.79,Debit Card,Mobile,Hyderabad,Success,None
TXN0039,CUST1560,2026-04-10,2982.1,UPI,Mobile,Mumbai,Failed,Invalid Details
TXN2208,CUST1315,2026-04-10,288.76,UPI,Mobile,Chennai,Success,None
TXN1566,CUST1377,2026-04-10,1038.93,Net Banking,Desktop,Delhi,Success,None
TXN0826,CUST1132,2026-04-11,2935.83,Net Banking,Mobile,Chennai,Failed,Insufficient Funds
TXN2578,CUST1146,2026-04-11,1056.51,UPI,Tablet,Mumbai,Success,None
TXN0277,CUST1386,2026-04-11,725.19,UPI,Mobile,Hyderabad,Success,None
TXN1284,CUST1691,2026-04-11,1538.26,Debit Card,Tablet,Pune,Success,None
TXN0527,CUST1537,2026-04-11,950.5,UPI,Tablet,Pune,Success,None
TXN1856,CUST1454,2026-04-11,2174.71,UPI,Desktop,Chennai,Success,None
TXN1188,CUST1812,2026-04-11,463.54,Credit Card,Desktop,Bangalore,Success,None
TXN2023,CUST1182,2026-04-11,1497.53,UPI,Mobile,Pune,Success,None
TXN1845,CUST1980,2026-04-11,1028.02,UPI,Mobile,Mumbai,Success,None
TXN0181,CUST1217,2026-04-11,1454.34,Net Banking,Desktop,Pune,Success,None
TXN1587,CUST1830,2026-04-11,752.26,Credit Card,Tablet,Pune,Success,None
TXN1602,CUST1665,2026-04-11,1519.36,Credit Card,Mobile,Bangalore,Success,None
TXN0821,CUST1185,2026-04-11,724.04,Credit Card,Mobile,Mumbai,Success,None
TXN1992,CUST1882,2026-04-11,929.66,Credit Card,Mobile,Delhi,Success,None
TXN1013,CUST1281,2026-04-11,1432.06,UPI,Mobile,Bangalore,Success,None
TXN1969,CUST1654,2026-04-11,841.47,Wallet,Tablet,Chennai,Success,None
TXN2885,CUST1343,2026-04-11,420.88,UPI,Desktop,Bangalore,Success,None
TXN1345,CUST1299,2026-04-11,332.48,UPI,Mobile,Chennai,Success,None
TXN2653,CUST1267,2026-04-11,705.43,UPI,Mobile,Bangalore,Failed,Technical Error
TXN1804,CUST1208,2026-04-11,1774.54,Credit Card,Mobile,Mumbai,Success,None
TXN0356,CUST1150,2026-04-11,436.42,Net Banking,Desktop,Delhi,Success,None
TXN0847,CUST1392,2026-04-12,1108.38,Debit Card,Mobile,Mumbai,Success,None
TXN1459,CUST1973,2026-04-12,2113.17,Credit Card,Mobile,Delhi,Success,None
TXN1480,CUST1230,2026-04-12,428.0,Debit Card,Desktop,Hyderabad,Failed,Insufficient Funds
TXN1656,CUST1768,2026-04-12,1602.23,Debit Card,Mobile,Hyderabad,Success,None
TXN1667,CUST1669,2026-04-12,2352.75,Credit Card,Mobile,Chennai,Success,None
TXN0952,CUST1967,2026-04-12,1026.35,Credit Card,Desktop,Delhi,Success,None
TXN2310,CUST1195,2026-04-12,2192.87,Credit Card,Mobile,Chennai,Success,None
TXN1471,CUST1967,2026-04-12,2003.21,Credit Card,Mobile,Bangalore,Success,None
TXN1753,CUST1774,2026-04-12,910.56,UPI,Desktop,Delhi,Success,None
TXN2855,CUST1574,2026-04-12,725.18,Net Banking,Desktop,Pune,Success,None
TXN1809,CUST1236,2026-04-12,1621.39,UPI,Tablet,Chennai,Success,None
TXN0080,CUST1427,2026-04-12,845.06,UPI,Desktop,Delhi,Success,None
TXN1375,CUST1918,2026-04-12,1033.42,Credit Card,Mobile,Delhi,Success,None
TXN0116,CUST1724,2026-04-12,2001.23,Credit Card,Mobile,Delhi,Success,None
TXN2024,CUST1982,2026-04-12,626.88,Wallet,Mobile,Mumbai,Failed,Network Error
TXN2358,CUST1515,2026-04-12,2593.67,UPI,Desktop,Mumbai,Success,None
TXN1322,CUST1005,2026-04-13,4247.44,Credit Card,Desktop,Delhi,Success,None
TXN0538,CUST1684,2026-04-13,612.84,Net Banking,Mobile,Pune,Success,None
TXN1879,CUST1295,2026-04-13,1877.76,Credit Card,Mobile,Chennai,Success,None
TXN1938,CUST1274,2026-04-13,3957.78,Credit Card,Desktop,Pune,Success,None
TXN1129,CUST1851,2026-04-13,644.06,UPI,Desktop,Delhi,Success,None
TXN1974,CUST1537,2026-04-13,792.14,UPI,Mobile,Chennai,Success,None
TXN0278,CUST1112,2026-04-13,1734.59,Wallet,Mobile,Hyderabad,Failed,Invalid Details
TXN2489,CUST1045,2026-04-13,651.1,Net Banking,Tablet,Chennai,Failed,Insufficient Funds
TXN0274,CUST1509,2026-04-13,1151.65,Credit Card,Tablet,Pune,Success,None
TXN1604,CUST1802,2026-04-13,2618.26,Credit Card,Desktop,Pune,Success,None
TXN0599,CUST1656,2026-04-13,658.94,Net Banking,Mobile,Bangalore,Success,None
TXN0497,CUST1792,2026-04-14,572.81,Credit Card,Mobile,Mumbai,Success,None
TXN2031,CUST1348,2026-04-14,814.6,UPI,Desktop,Delhi,Success,None
TXN1217,CUST1525,2026-04-14,1027.53,Credit Card,Mobile,Pune,Success,None
TXN1712,CUST1007,2026-04-14,773.45,Debit Card,Mobile,Bangalore,Success,None
TXN0391,CUST1624,2026-04-14,1185.47,Credit Card,Desktop,Mumbai,Success,None
TXN2426,CUST1198,2026-04-14,355.02,Credit Card,Mobile,Delhi,Failed,Insufficient Funds
TXN2772,CUST1011,2026-04-14,797.26,UPI,Mobile,Hyderabad,Success,None
TXN1451,CUST1574,2026-04-14,2910.96,UPI,Mobile,Mumbai,Failed,Insufficient Funds
TXN1683,CUST1987,2026-04-14,589.65,UPI,Desktop,Hyderabad,Failed,Network Error
TXN1336,CUST1573,2026-04-14,845.65,UPI,Desktop,Hyderabad,Success,None
TXN0453,CUST1878,2026-04-14,6556.95,Credit Card,Mobile,Chennai,Success,None
TXN1745,CUST1468,2026-04-14,485.56,UPI,Desktop,Pune,Success,None
TXN2535,CUST1072,2026-04-14,759.72,Debit Card,Desktop,Delhi,Failed,Insufficient Funds
TXN2610,CUST1206,2026-04-14,600.26,Net Banking,Mobile,Delhi,Success,None
TXN2678,CUST1317,2026-04-14,1602.33,Wallet,Mobile,Bangalore,Failed,Invalid Details
TXN0148,CUST1288,2026-04-14,702.28,UPI,Mobile,Hyderabad,Success,None
TXN1850,CUST1730,2026-04-14,743.54,Debit Card,Tablet,Bangalore,Success,None
TXN0804,CUST1884,2026-04-14,2454.93,UPI,Desktop,Delhi,Success,None
TXN2869,CUST1609,2026-04-14,998.79,UPI,Mobile,Hyderabad,Success,None
TXN0145,CUST1391,2026-04-14,2458.96,UPI,Mobile,Mumbai,Success,None
TXN1722,CUST1053,2026-04-14,972.14,Debit Card,Mobile,Hyderabad,Success,None
TXN1902,CUST1466,2026-04-15,2244.51,UPI,Mobile,Mumbai,Success,None
TXN2155,CUST1489,2026-04-15,668.59,Debit Card,Mobile,Hyderabad,Success,None
TXN1763,CUST1699,2026-04-15,3523.35,Debit Card,Desktop,Chennai,Success,None
TXN1030,CUST1475,2026-04-15,1448.99,Debit Card,Mobile,Chennai,Success,None
TXN0165,CUST1727,2026-04-15,491.21,Debit Card,Desktop,Hyderabad,Success,None
TXN0992,CUST1708,2026-04-15,731.85,UPI,Mobile,Pune,Success,None
TXN0329,CUST1770,2026-04-15,437.07,Debit Card,Mobile,Delhi,Success,None
TXN0400,CUST1509,2026-04-15,3693.69,Credit Card,Tablet,Delhi,Success,None
TXN1610,CUST1805,2026-04-15,420.8,UPI,Desktop,Delhi,Success,None
TXN1054,CUST1771,2026-04-15,571.65,UPI,Mobile,Chennai,Success,None
TXN1159,CUST1863,2026-04-15,2500.59,Debit Card,Mobile,Hyderabad,Success,None
TXN1537,CUST1711,2026-04-15,2338.36,Net Banking,Desktop,Mumbai,Success,None
TXN1737,CUST1119,2026-04-16,2812.33,Credit Card,Mobile,Pune,Success,None
TXN1928,CUST1130,2026-04-16,3035.89,UPI,Desktop,Mumbai,Success,None
TXN2243,CUST1780,2026-04-16,1547.41,Debit Card,Mobile,Delhi,Failed,Network Error
TXN1068,CUST1437,2026-04-16,2566.97,Net Banking,Tablet,Chennai,Failed,Network Error
TXN2393,CUST1952,2026-04-16,1076.29,Debit Card,Mobile,Delhi,Failed,Technical Error
TXN1827,CUST1145,2026-04-16,694.68,UPI,Tablet,Mumbai,Success,None
TXN0652,CUST1093,2026-04-16,518.55,Net Banking,Mobile,Hyderabad,Success,None
TXN1093,CUST1434,2026-04-16,484.31,UPI,Mobile,Mumbai,Failed,Network Error
TXN2914,CUST1961,2026-04-16,683.05,UPI,Desktop,Bangalore,Success,None
TXN0499,CUST1565,2026-04-16,944.51,Debit Card,Mobile,Pune,Failed,Bank Declined
TXN0129,CUST1040,2026-04-16,1047.14,Credit Card,Mobile,Delhi,Success,None
TXN0489,CUST1980,2026-04-16,1031.09,Credit Card,Desktop,Bangalore,Success,None
TXN0662,CUST1550,2026-04-16,483.9,Debit Card,Desktop,Pune,Failed,Bank Declined
TXN0012,CUST1214,2026-04-16,949.53,UPI,Desktop,Pune,Success,None
TXN2926,CUST1220,2026-04-16,712.2,Credit Card,Mobile,Mumbai,Success,None
TXN1270,CUST1227,2026-04-17,702.89,UPI,Desktop,Hyderabad,Success,None
TXN1198,CUST1349,2026-04-17,1802.35,Wallet,Mobile,Bangalore,Success,None
TXN0667,CUST1356,2026-04-17,480.01,Net Banking,Mobile,Hyderabad,Success,None
TXN1094,CUST1102,2026-04-17,1578.75,Wallet,Mobile,Pune,Success,None
TXN2561,CUST1894,2026-04-17,1358.17,Net Banking,Desktop,Hyderabad,Success,None
TXN0670,CUST1521,2026-04-17,423.8,Credit Card,Mobile,Bangalore,Success,None
TXN0816,CUST1568,2026-04-17,3883.82,Debit Card,Mobile,Delhi,Success,None
TXN2455,CUST1116,2026-04-17,617.06,UPI,Desktop,Mumbai,Success,None
TXN1560,CUST1804,2026-04-17,1183.42,Debit Card,Mobile,Hyderabad,Success,None
TXN0608,CUST1473,2026-04-17,1664.83,UPI,Mobile,Pune,Success,None
TXN2336,CUST1762,2026-04-17,1285.05,UPI,Mobile,Bangalore,Success,None
TXN2331,CUST1703,2026-04-17,259.22,Debit Card,Mobile,Pune,Success,None
TXN1821,CUST1108,2026-04-17,482.1,Debit Card,Desktop,Bangalore,Success,None
TXN2318,CUST1016,2026-04-17,1103.67,UPI,Desktop,Chennai,Success,None
TXN2348,CUST1927,2026-04-17,377.78,Debit Card,Desktop,Pune,Success,None
TXN0825,CUST1633,2026-04-17,552.9,Credit Card,Mobile,Bangalore,Success,None
TXN1208,CUST1624,2026-04-18,640.82,Debit Card,Desktop,Chennai,Success,None
TXN1860,CUST1921,2026-04-18,1575.4,Debit Card,Mobile,Delhi,Success,None
TXN0871,CUST1251,2026-04-18,408.96,UPI,Desktop,Hyderabad,Success,None
TXN1814,CUST1277,2026-04-18,1264.03,UPI,Desktop,Bangalore,Success,None
TXN0483,CUST1098,2026-04-18,2975.38,Wallet,Mobile,Mumbai,Success,None
TXN2513,CUST1917,2026-04-18,706.31,UPI,Desktop,Chennai,Success,None
TXN0493,CUST1255,2026-04-18,456.92,UPI,Mobile,Chennai,Success,None
TXN1590,CUST1370,2026-04-18,331.6,UPI,Desktop,Chennai,Success,None
TXN0643,CUST1434,2026-04-18,744.09,UPI,Mobile,Delhi,Success,None
TXN2803,CUST1745,2026-04-18,1017.83,Credit Card,Mobile,Delhi,Success,None
TXN1120,CUST1132,2026-04-18,6317.96,Net Banking,Desktop,Pune,Success,None
TXN1371,CUST1901,2026-04-18,830.96,Debit Card,Mobile,Mumbai,Failed,Network Error
TXN2429,CUST1959,2026-04-18,1572.26,Wallet,Mobile,Delhi,Success,None
TXN0651,CUST1046,2026-04-18,920.46,Debit Card,Mobile,Hyderabad,Success,None
TXN2850,CUST1957,2026-04-18,842.53,Wallet,Mobile,Chennai,Success,None
TXN1786,CUST1939,2026-04-18,834.21,Debit Card,Mobile,Chennai,Success,None
TXN2191,CUST1536,2026-04-18,1290.44,UPI,Mobile,Pune,Success,None
TXN0049,CUST1957,2026-04-18,3208.95,UPI,Desktop,Mumbai,Success,None
TXN0870,CUST1069,2026-04-18,1692.34,UPI,Mobile,Pune,Success,None
TXN0893,CUST1455,2026-04-18,945.11,UPI,Desktop,Chennai,Success,None
TXN0149,CUST1378,2026-04-18,1045.45,Credit Card,Desktop,Pune,Failed,Bank Declined
TXN1623,CUST1178,2026-04-19,1099.62,UPI,Mobile,Hyderabad,Success,None
TXN0084,CUST1034,2026-04-19,1232.33,Credit Card,Mobile,Bangalore,Success,None
TXN0613,CUST1392,2026-04-19,1371.16,UPI,Tablet,Mumbai,Failed,Insufficient Funds
TXN2694,CUST1027,2026-04-19,4889.95,UPI,Mobile,Mumbai,Failed,Technical Error
TXN1919,CUST1640,2026-04-19,2555.69,Credit Card,Mobile,Mumbai,Success,None
TXN1070,CUST1770,2026-04-19,662.2,Credit Card,Mobile,Bangalore,Success,None
TXN1314,CUST1898,2026-04-19,1050.65,UPI,Mobile,Mumbai,Failed,Insufficient Funds
TXN1257,CUST1811,2026-04-19,726.54,UPI,Mobile,Pune,Success,None
TXN1124,CUST1183,2026-04-19,1168.09,Net Banking,Mobile,Pune,Success,None
TXN2402,CUST1161,2026-04-19,1941.15,Credit Card,Tablet,Bangalore,Failed,Network Error
TXN0362,CUST1763,2026-04-19,249.53,Wallet,Desktop,Delhi,Success,None
TXN0812,CUST1483,2026-04-19,867.92,UPI,Mobile,Bangalore,Failed,Insufficient Funds
TXN0839,CUST1912,2026-04-19,1115.13,UPI,Mobile,Delhi,Success,None
TXN2949,CUST1618,2026-04-19,455.02,Net Banking,Mobile,Delhi,Success,None
TXN1304,CUST1349,2026-04-19,718.58,Credit Card,Mobile,Bangalore,Success,None
TXN2365,CUST1886,2026-04-19,637.78,UPI,Tablet,Hyderabad,Success,None
TXN1389,CUST1970,2026-04-19,2298.27,Credit Card,Tablet,Bangalore,Failed,Network Error
TXN1960,CUST1484,2026-04-19,2465.84,Credit Card,Mobile,Pune,Success,None
TXN1932,CUST1171,2026-04-19,761.72,UPI,Mobile,Chennai,Success,None
TXN0569,CUST1837,2026-04-19,2666.23,UPI,Mobile,Mumbai,Success,None
TXN2058,CUST1813,2026-04-19,1356.15,UPI,Desktop,Chennai,Success,None
TXN1296,CUST1436,2026-04-19,1370.81,Net Banking,Mobile,Chennai,Failed,Invalid Details
TXN1895,CUST1068,2026-04-19,2512.36,UPI,Mobile,Chennai,Failed,Network Error
TXN2640,CUST1739,2026-04-20,996.49,Credit Card,Mobile,Delhi,Success,None
TXN0994,CUST1920,2026-04-20,416.37,Debit Card,Desktop,Delhi,Success,None
TXN1520,CUST1410,2026-04-20,1420.61,Net Banking,Mobile,Chennai,Success,None
TXN2676,CUST1933,2026-04-20,414.58,UPI,Mobile,Mumbai,Success,None
TXN0372,CUST1651,2026-04-20,234.04,Debit Card,Mobile,Chennai,Success,None
TXN2737,CUST1203,2026-04-20,5074.33,Net Banking,Mobile,Mumbai,Success,None
TXN2284,CUST1232,2026-04-20,569.08,UPI,Mobile,Chennai,Failed,Invalid Details
TXN2833,CUST1587,2026-04-20,1140.94,UPI,Mobile,Bangalore,Success,None
TXN0215,CUST1242,2026-04-20,932.16,Debit Card,Desktop,Bangalore,Failed,Invalid Details
TXN0566,CUST1304,2026-04-20,2555.09,Debit Card,Desktop,Delhi,Success,None
TXN0759,CUST1977,2026-04-20,1113.81,UPI,Desktop,Pune,Success,None
TXN0956,CUST1667,2026-04-20,998.34,Credit Card,Mobile,Hyderabad,Failed,Network Error
TXN2391,CUST1773,2026-04-20,3317.69,Debit Card,Mobile,Mumbai,Success,None
TXN2871,CUST1101,2026-04-20,1412.67,Debit Card,Mobile,Pune,Success,None
TXN0828,CUST1214,2026-04-20,1678.68,Wallet,Mobile,Bangalore,Success,None
TXN0487,CUST1190,2026-04-21,1277.45,Credit Card,Mobile,Chennai,Failed,Insufficient Funds
TXN0387,CUST1672,2026-04-21,545.46,UPI,Mobile,Bangalore,Success,None
TXN1946,CUST1568,2026-04-21,915.72,Debit Card,Mobile,Hyderabad,Success,None
TXN1704,CUST1992,2026-04-21,1157.98,Credit Card,Mobile,Hyderabad,Success,None
TXN1329,CUST1645,2026-04-21,885.09,UPI,Desktop,Chennai,Success,None
TXN2194,CUST1954,2026-04-21,1119.8,Debit Card,Mobile,Delhi,Success,None
TXN1483,CUST1156,2026-04-21,507.88,Debit Card,Desktop,Delhi,Success,None
TXN1666,CUST1031,2026-04-21,1310.57,UPI,Mobile,Bangalore,Success,None
TXN0529,CUST1817,2026-04-21,639.37,UPI,Desktop,Bangalore,Success,None
TXN0484,CUST1699,2026-04-21,731.19,UPI,Mobile,Mumbai,Success,None
TXN2280,CUST1524,2026-04-21,3243.92,Debit Card,Desktop,Hyderabad,Success,None
TXN2260,CUST1030,2026-04-21,720.28,UPI,Mobile,Delhi,Success,None
TXN2019,CUST1804,2026-04-21,1650.6,UPI,Mobile,Bangalore,Success,None
TXN0738,CUST1825,2026-04-22,848.9,Wallet,Mobile,Bangalore,Success,None
TXN2422,CUST1590,2026-04-22,1833.17,UPI,Mobile,Pune,Failed,Bank Declined
TXN0388,CUST1919,2026-04-22,2265.73,UPI,Mobile,Pune,Success,None
TXN2781,CUST1993,2026-04-22,1265.56,UPI,Desktop,Bangalore,Success,None
TXN2056,CUST1890,2026-04-22,904.92,UPI,Mobile,Delhi,Success,None
TXN2579,CUST1566,2026-04-22,552.34,UPI,Mobile,Bangalore,Success,None
TXN0319,CUST1510,2026-04-22,2924.86,UPI,Desktop,Mumbai,Success,None
TXN0732,CUST1601,2026-04-22,1260.5,Debit Card,Desktop,Pune,Failed,Invalid Details
TXN1937,CUST1523,2026-04-22,4937.86,Debit Card,Mobile,Pune,Success,None
TXN2908,CUST1266,2026-04-22,947.17,Debit Card,Mobile,Bangalore,Success,None
TXN1935,CUST1101,2026-04-22,1057.53,UPI,Desktop,Chennai,Success,None
TXN0508,CUST1853,2026-04-22,750.25,Net Banking,Desktop,Chennai,Success,None
TXN2136,CUST1936,2026-04-22,1343.69,Debit Card,Desktop,Delhi,Success,None
TXN1573,CUST1725,2026-04-22,945.06,Credit Card,Mobile,Pune,Success,None
TXN1994,CUST1839,2026-04-22,1688.73,Credit Card,Mobile,Hyderabad,Success,None
TXN1878,CUST1778,2026-04-23,695.22,UPI,Tablet,Mumbai,Success,None
TXN2629,CUST1151,2026-04-23,2512.23,Credit Card,Mobile,Pune,Success,None
TXN0584,CUST1991,2026-04-23,1203.02,Debit Card,Mobile,Delhi,Success,None
TXN2067,CUST1439,2026-04-23,2045.43,UPI,Desktop,Hyderabad,Failed,Invalid Details
TXN2321,CUST1400,2026-04-23,6540.85,Debit Card,Mobile,Delhi,Success,None
TXN0946,CUST1952,2026-04-23,2725.4,Credit Card,Mobile,Pune,Success,None
TXN0328,CUST1348,2026-04-23,305.46,UPI,Mobile,Bangalore,Success,None
TXN0580,CUST1102,2026-04-23,4250.21,UPI,Mobile,Chennai,Success,None
TXN2278,CUST1961,2026-04-23,290.33,Debit Card,Mobile,Mumbai,Success,None
TXN0773,CUST1866,2026-04-23,381.56,UPI,Mobile,Mumbai,Success,None
TXN0609,CUST1116,2026-04-23,779.31,Debit Card,Mobile,Pune,Success,None
TXN1001,CUST1876,2026-04-23,1743.95,UPI,Mobile,Delhi,Success,None
TXN2230,CUST1748,2026-04-23,351.41,UPI,Mobile,Delhi,Success,None
TXN2746,CUST1718,2026-04-23,1371.76,Credit Card,Mobile,Pune,Success,None
TXN1289,CUST1951,2026-04-23,210.58,UPI,Mobile,Bangalore,Success,None
TXN1431,CUST1077,2026-04-23,737.63,Debit Card,Desktop,Bangalore,Success,None
TXN1151,CUST1911,2026-04-23,644.01,UPI,Mobile,Bangalore,Success,None
TXN2114,CUST1061,2026-04-23,986.13,Debit Card,Desktop,Hyderabad,Success,None
TXN1256,CUST1125,2026-04-23,509.76,Credit Card,Mobile,Delhi,Success,None
TXN2398,CUST1569,2026-04-23,955.52,Debit Card,Mobile,Delhi,Success,None
TXN0437,CUST1021,2026-04-23,577.18,UPI,Mobile,Mumbai,Success,None
TXN1398,CUST1317,2026-04-23,1607.43,UPI,Desktop,Pune,Success,None
TXN1245,CUST1984,2026-04-23,1727.72,UPI,Desktop,Bangalore,Success,None
TXN2701,CUST1459,2026-04-23,3457.42,Debit Card,Mobile,Hyderabad,Success,None
TXN1082,CUST1400,2026-04-23,1031.66,UPI,Mobile,Bangalore,Success,None
TXN0430,CUST1032,2026-04-24,2231.1,Debit Card,Mobile,Pune,Success,None
TXN1409,CUST1994,2026-04-24,1024.55,Credit Card,Desktop,Mumbai,Success,None
TXN2711,CUST1629,2026-04-24,1270.21,Credit Card,Mobile,Chennai,Success,None
TXN1428,CUST1004,2026-04-24,2549.28,Wallet,Mobile,Pune,Failed,Technical Error
TXN0404,CUST1860,2026-04-24,1801.01,Wallet,Mobile,Chennai,Success,None
TXN1516,CUST1323,2026-04-24,712.1,UPI,Mobile,Chennai,Success,None
TXN1891,CUST1622,2026-04-24,1442.66,UPI,Mobile,Mumbai,Success,None
TXN2251,CUST1666,2026-04-24,1504.84,UPI,Mobile,Bangalore,Success,None
TXN1759,CUST1380,2026-04-24,927.31,Credit Card,Desktop,Bangalore,Success,None
TXN2108,CUST1806,2026-04-24,1752.62,UPI,Mobile,Chennai,Success,None
TXN2997,CUST1158,2026-04-24,588.01,Credit Card,Desktop,Delhi,Failed,Insufficient Funds
TXN2335,CUST1675,2026-04-24,1513.28,Wallet,Desktop,Bangalore,Success,None
TXN0815,CUST1143,2026-04-24,1168.84,Debit Card,Desktop,Mumbai,Success,None
TXN0163,CUST1406,2026-04-24,1076.23,Debit Card,Mobile,Delhi,Success,None
TXN2922,CUST1449,2026-04-25,7970.06,Net Banking,Mobile,Chennai,Success,None
TXN1917,CUST1295,2026-04-25,110.77,Credit Card,Mobile,Pune,Success,None
TXN0930,CUST1531,2026-04-25,1279.53,Net Banking,Mobile,Hyderabad,Success,None
TXN2103,CUST1060,2026-04-25,1544.18,Credit Card,Mobile,Bangalore,Success,None
TXN0267,CUST1691,2026-04-25,325.81,Net Banking,Mobile,Mumbai,Success,None
TXN2440,CUST1733,2026-04-25,2583.93,Wallet,Mobile,Chennai,Success,None
TXN0699,CUST1674,2026-04-25,1645.16,Debit Card,Mobile,Pune,Success,None
TXN2624,CUST1731,2026-04-25,893.31,UPI,Mobile,Delhi,Success,None
TXN0144,CUST1592,2026-04-25,871.29,Net Banking,Desktop,Bangalore,Success,None
TXN1815,CUST1234,2026-04-25,454.58,UPI,Desktop,Delhi,Success,None
TXN1367,CUST1867,2026-04-25,1218.29,Debit Card,Mobile,Bangalore,Success,None
TXN1252,CUST1272,2026-04-26,776.5,UPI,Mobile,Hyderabad,Success,None
TXN2421,CUST1519,2026-04-26,717.99,Debit Card,Mobile,Mumbai,Success,None
TXN1958,CUST1080,2026-04-26,2012.3,UPI,Mobile,Hyderabad,Success,None
TXN2538,CUST1415,2026-04-26,517.38,Credit Card,Mobile,Mumbai,Success,None
TXN1394,CUST1605,2026-04-26,928.53,Credit Card,Mobile,Pune,Success,None
TXN1670,CUST1428,2026-04-26,1912.2,Credit Card,Mobile,Pune,Success,None
TXN2558,CUST1313,2026-04-26,620.96,UPI,Mobile,Chennai,Failed,Network Error
TXN0287,CUST1219,2026-04-26,283.58,Net Banking,Mobile,Bangalore,Success,None
TXN2070,CUST1376,2026-04-26,584.46,UPI,Mobile,Mumbai,Success,None
TXN1897,CUST1288,2026-04-26,1741.97,Debit Card,Tablet,Hyderabad,Success,None
TXN1931,CUST1107,2026-04-26,590.43,UPI,Mobile,Hyderabad,Success,None
TXN0862,CUST1499,2026-04-26,897.98,Credit Card,Desktop,Hyderabad,Success,None
TXN0764,CUST1189,2026-04-26,1872.21,UPI,Mobile,Bangalore,Success,None
TXN1885,CUST1806,2026-04-26,4443.56,Debit Card,Tablet,Pune,Success,None
TXN0120,CUST1878,2026-04-26,579.15,Credit Card,Desktop,Mumbai,Failed,Bank Declined
TXN2814,CUST1494,2026-04-26,1103.25,Debit Card,Mobile,Pune,Success,None
TXN0583,CUST1876,2026-04-26,372.02,UPI,Tablet,Mumbai,Success,None
TXN0760,CUST1998,2026-04-26,394.39,UPI,Desktop,Delhi,Success,None
TXN1874,CUST1370,2026-04-27,1408.68,Net Banking,Mobile,Mumbai,Success,None
TXN0225,CUST1027,2026-04-27,936.4,UPI,Desktop,Bangalore,Success,None
TXN0707,CUST1267,2026-04-27,3265.47,UPI,Desktop,Bangalore,Success,None
TXN0573,CUST1612,2026-04-27,378.0,UPI,Mobile,Bangalore,Success,None
TXN0921,CUST1079,2026-04-27,837.69,Credit Card,Desktop,Hyderabad,Success,None
TXN1702,CUST1161,2026-04-27,607.66,UPI,Mobile,Chennai,Failed,Technical Error
TXN2832,CUST1880,2026-04-27,1565.66,Wallet,Mobile,Mumbai,Success,None
TXN2497,CUST1672,2026-04-27,1316.29,Credit Card,Mobile,Hyderabad,Success,None
TXN1172,CUST1603,2026-04-27,872.5,Debit Card,Desktop,Hyderabad,Success,None
TXN0315,CUST1609,2026-04-27,843.16,UPI,Mobile,Hyderabad,Success,None
TXN1351,CUST1786,2026-04-27,1983.98,Credit Card,Mobile,Bangalore,Success,None
TXN2000,CUST1222,2026-04-28,1323.59,Credit Card,Mobile,Pune,Success,None
TXN1347,CUST1325,2026-04-28,730.31,UPI,Mobile,Pune,Success,None
TXN1222,CUST1215,2026-04-28,851.38,Credit Card,Mobile,Bangalore,Success,None
TXN0005,CUST1106,2026-04-28,1959.39,UPI,Desktop,Hyderabad,Failed,Invalid Details
TXN0411,CUST1162,2026-04-28,442.19,Net Banking,Mobile,Hyderabad,Success,None
TXN0072,CUST1345,2026-04-28,488.68,Net Banking,Mobile,Delhi,Success,None
TXN1810,CUST1280,2026-04-28,174.94,Wallet,Mobile,Delhi,Success,None
TXN2449,CUST1677,2026-04-28,4489.92,Credit Card,Desktop,Bangalore,Success,None
TXN2407,CUST1791,2026-04-28,619.65,Debit Card,Mobile,Bangalore,Success,None
TXN2130,CUST1365,2026-04-28,563.21,Debit Card,Mobile,Delhi,Success,None
TXN2788,CUST1183,2026-04-28,1647.99,Wallet,Desktop,Pune,Success,None
TXN1492,CUST1195,2026-04-28,1498.01,UPI,Desktop,Bangalore,Success,None
TXN0611,CUST1790,2026-04-28,348.51,UPI,Desktop,Pune,Success,None
TXN2515,CUST1193,2026-04-28,676.59,Debit Card,Mobile,Mumbai,Success,None
TXN0477,CUST1279,2026-04-28,843.93,Net Banking,Mobile,Chennai,Success,None
TXN0587,CUST1046,2026-04-28,468.05,UPI,Mobile,Bangalore,Success,None
TXN0146,CUST1674,2026-04-28,762.78,Net Banking,Desktop,Chennai,Success,None
TXN1645,CUST1360,2026-04-28,1059.5,Credit Card,Tablet,Pune,Success,None
TXN0018,CUST1871,2026-04-28,849.17,Debit Card,Desktop,Hyderabad,Success,None
TXN1165,CUST1060,2026-04-28,3566.02,Debit Card,Mobile,Chennai,Success,None
TXN1724,CUST1238,2026-04-29,1206.73,UPI,Mobile,Mumbai,Failed,Network Error
TXN2650,CUST1185,2026-04-29,1145.2,Debit Card,Mobile,Hyderabad,Success,None
TXN0967,CUST1539,2026-04-29,457.34,UPI,Mobile,Mumbai,Success,None
TXN2898,CUST1604,2026-04-29,1580.91,Credit Card,Desktop,Hyderabad,Success,None
TXN2107,CUST1709,2026-04-29,577.09,Wallet,Mobile,Hyderabad,Success,None
TXN1679,CUST1370,2026-04-29,2317.86,Debit Card,Mobile,Chennai,Success,None
TXN0547,CUST1470,2026-04-29,6929.04,Net Banking,Mobile,Delhi,Success,None
TXN1530,CUST1659,2026-04-29,1568.58,UPI,Mobile,Mumbai,Success,None
TXN0442,CUST1364,2026-04-29,1946.54,UPI,Mobile,Hyderabad,Success,None
TXN2837,CUST1813,2026-04-29,329.79,UPI,Mobile,Mumbai,Success,None
TXN0051,CUST1957,2026-04-29,670.54,Credit Card,Mobile,Bangalore,Success,None
TXN0016,CUST1372,2026-04-29,411.29,UPI,Mobile,Hyderabad,Success,None
TXN2828,CUST1537,2026-04-29,790.98,Debit Card,Desktop,Bangalore,Success,None
TXN1203,CUST1336,2026-04-29,1380.57,Credit Card,Mobile,Bangalore,Success,None
TXN0835,CUST1008,2026-04-29,2202.98,Wallet,Mobile,Hyderabad,Success,None
TXN0840,CUST1252,2026-04-29,911.49,Debit Card,Mobile,Chennai,Success,None
TXN0403,CUST1152,2026-04-29,276.17,Net Banking,Mobile,Chennai,Success,None
TXN1476,CUST1622,2026-04-29,5403.33,UPI,Desktop,Hyderabad,Success,None
TXN2783,CUST1305,2026-04-29,2137.47,UPI,Desktop,Pune,Failed,Technical Error
TXN1488,CUST1410,2026-04-30,1647.88,Debit Card,Desktop,Hyderabad,Failed,Invalid Details
TXN0302,CUST1415,2026-04-30,600.85,Net Banking,Desktop,Pune,Success,None
TXN2506,CUST1744,2026-04-30,1406.02,Net Banking,Mobile,Pune,Success,None
TXN1261,CUST1211,2026-04-30,608.85,Credit Card,Mobile,Bangalore,Success,None
TXN1581,CUST1621,2026-04-30,777.27,Credit Card,Desktop,Mumbai,Success,None
TXN0935,CUST1304,2026-04-30,603.93,Credit Card,Desktop,Chennai,Failed,Bank Declined
TXN2312,CUST1863,2026-04-30,1471.15,Debit Card,Mobile,Mumbai,Success,None
TXN0997,CUST1823,2026-04-30,521.7,UPI,Mobile,Delhi,Success,None
TXN0555,CUST1853,2026-04-30,970.24,Debit Card,Desktop,Delhi,Success,None
TXN0982,CUST1751,2026-04-30,2932.06,Credit Card,Desktop,Mumbai,Success,None
TXN0972,CUST1703,2026-04-30,513.34,Debit Card,Desktop,Bangalore,Success,None
TXN0331,CUST1763,2026-04-30,303.31,Credit Card,Desktop,Delhi,Success,None
TXN2964,CUST1786,2026-04-30,1315.43,UPI,Mobile,Delhi,Failed,Network Error
TXN0762,CUST1663,2026-04-30,315.58,UPI,Desktop,Mumbai,Success,None
TXN2670,CUST1525,2026-04-30,226.28,UPI,Mobile,Bangalore,Success,None
TXN2756,CUST1510,2026-04-30,416.09,Debit Card,Mobile,Hyderabad,Success,None
TXN2894,CUST1142,2026-04-30,868.04,Credit Card,Mobile,Hyderabad,Success,None
TXN0438,CUST1749,2026-04-30,1378.34,UPI,Tablet,Bangalore,Success,None
TXN2101,CUST1186,2026-04-30,2245.41,Debit Card,Mobile,Pune,Success,None
TXN2131,CUST1329,2026-04-30,1491.22,Debit Card,Desktop,Bangalore,Success,None
TXN0685,CUST1015,2026-04-30,3891.93,Credit Card,Mobile,Chennai,Success,None
TXN0010,CUST1121,2026-04-30,2044.67,UPI,Mobile,Mumbai,Success,None
TXN0658,CUST1217,2026-04-30,614.08,UPI,Tablet,Bangalore,Success,None
TXN0968,CUST1731,2026-05-01,504.93,Credit Card,Mobile,Pune,Success,None
TXN0521,CUST1245,2026-05-01,301.2,UPI,Mobile,Bangalore,Success,None
TXN1858,CUST1684,2026-05-01,905.56,Credit Card,Mobile,Bangalore,Success,None
TXN0518,CUST1928,2026-05-01,680.8,UPI,Mobile,Delhi,Success,None
TXN0026,CUST1413,2026-05-01,1098.05,Debit Card,Mobile,Chennai,Success,None
TXN2082,CUST1141,2026-05-01,922.59,UPI,Mobile,Mumbai,Success,None
TXN0131,CUST1014,2026-05-01,811.19,Credit Card,Mobile,Bangalore,Success,None
TXN1166,CUST1633,2026-05-01,3986.74,Credit Card,Desktop,Delhi,Success,None
TXN0151,CUST1489,2026-05-01,2601.05,Debit Card,Mobile,Bangalore,Success,None
TXN2356,CUST1737,2026-05-01,6039.46,UPI,Desktop,Delhi,Success,None
TXN0867,CUST1300,2026-05-01,1094.52,Credit Card,Desktop,Hyderabad,Success,None
TXN1558,CUST1132,2026-05-01,843.73,Debit Card,Mobile,Mumbai,Success,None
TXN1553,CUST1827,2026-05-01,2410.01,Credit Card,Desktop,Delhi,Success,None
TXN2272,CUST1257,2026-05-01,546.37,Credit Card,Desktop,Pune,Success,None
TXN2438,CUST1526,2026-05-02,2835.97,Net Banking,Mobile,Pune,Failed,Invalid Details
TXN2560,CUST1409,2026-05-02,364.4,UPI,Mobile,Mumbai,Success,None
TXN2038,CUST1492,2026-05-02,1310.34,Debit Card,Mobile,Chennai,Success,None
TXN0440,CUST1037,2026-05-02,1793.67,UPI,Mobile,Mumbai,Failed,Insufficient Funds
TXN2639,CUST1511,2026-05-02,408.35,UPI,Mobile,Hyderabad,Success,None
TXN2380,CUST1381,2026-05-02,3961.48,UPI,Desktop,Mumbai,Success,None
TXN0402,CUST1098,2026-05-02,458.56,Credit Card,Desktop,Chennai,Success,None
TXN1279,CUST1594,2026-05-02,1221.5,Net Banking,Mobile,Pune,Success,None
TXN1153,CUST1899,2026-05-02,664.78,UPI,Mobile,Pune,Success,None
TXN1771,CUST1745,2026-05-02,884.53,Net Banking,Mobile,Bangalore,Success,None
TXN1904,CUST1243,2026-05-02,533.57,Debit Card,Desktop,Hyderabad,Success,None
TXN1675,CUST1018,2026-05-02,3185.83,UPI,Desktop,Mumbai,Success,None
TXN1942,CUST1816,2026-05-02,1427.32,UPI,Mobile,Mumbai,Success,None
TXN0025,CUST1491,2026-05-02,695.35,UPI,Desktop,Chennai,Success,None
TXN1206,CUST1256,2026-05-02,1932.14,UPI,Mobile,Pune,Success,None
TXN2223,CUST1322,2026-05-03,1212.05,Debit Card,Mobile,Mumbai,Failed,Technical Error
TXN2264,CUST1671,2026-05-03,2523.8,UPI,Mobile,Chennai,Success,None
TXN2093,CUST1974,2026-05-03,894.78,UPI,Mobile,Bangalore,Success,None
TXN2332,CUST1686,2026-05-03,2353.54,UPI,Desktop,Hyderabad,Failed,Technical Error
TXN0014,CUST1458,2026-05-03,468.83,UPI,Mobile,Chennai,Success,None
TXN1470,CUST1178,2026-05-03,318.33,Wallet,Mobile,Chennai,Success,None
TXN1998,CUST1476,2026-05-03,1466.87,Wallet,Tablet,Hyderabad,Success,None
TXN2035,CUST1721,2026-05-03,1853.27,Net Banking,Mobile,Mumbai,Success,None
TXN2021,CUST1935,2026-05-03,651.19,UPI,Mobile,Hyderabad,Success,None
TXN2138,CUST1505,2026-05-03,559.98,Net Banking,Desktop,Chennai,Success,None
TXN2548,CUST1317,2026-05-03,441.53,UPI,Mobile,Pune,Success,None
TXN0785,CUST1018,2026-05-03,1383.04,UPI,Mobile,Hyderabad,Success,None
TXN1307,CUST1829,2026-05-03,985.38,UPI,Mobile,Mumbai,Success,None
TXN0092,CUST1389,2026-05-03,1661.95,Credit Card,Mobile,Delhi,Failed,Invalid Details
TXN2500,CUST1927,2026-05-04,779.86,Credit Card,Mobile,Chennai,Success,None
TXN0823,CUST1397,2026-05-04,1527.12,Debit Card,Desktop,Pune,Success,None
TXN0597,CUST1669,2026-05-04,954.86,Net Banking,Tablet,Mumbai,Failed,Technical Error
TXN2179,CUST1634,2026-05-04,359.32,Debit Card,Mobile,Delhi,Success,None
TXN0966,CUST1177,2026-05-04,2004.74,Credit Card,Tablet,Hyderabad,Success,None
TXN0283,CUST1698,2026-05-04,1761.91,UPI,Mobile,Pune,Success,None
TXN0279,CUST1612,2026-05-04,1711.22,Debit Card,Mobile,Bangalore,Success,None
TXN1478,CUST1288,2026-05-04,1034.84,UPI,Mobile,Chennai,Success,None
TXN1067,CUST1673,2026-05-04,1245.21,UPI,Mobile,Chennai,Failed,Insufficient Funds
TXN1718,CUST1982,2026-05-04,1179.63,Credit Card,Mobile,Bangalore,Success,None
TXN0429,CUST1639,2026-05-04,739.99,Debit Card,Mobile,Hyderabad,Success,None
TXN0419,CUST1397,2026-05-04,2959.48,Credit Card,Mobile,Bangalore,Failed,Invalid Details
TXN1086,CUST1918,2026-05-04,991.28,Net Banking,Mobile,Pune,Success,None
TXN1224,CUST1364,2026-05-04,3071.67,Credit Card,Mobile,Hyderabad,Success,None
TXN2835,CUST1839,2026-05-04,732.44,Credit Card,Mobile,Mumbai,Success,None
TXN0909,CUST1928,2026-05-04,691.38,Credit Card,Mobile,Chennai,Success,None
TXN2113,CUST1010,2026-05-04,495.72,Credit Card,Mobile,Chennai,Success,None
TXN1283,CUST1517,2026-05-04,1312.06,Credit Card,Mobile,Bangalore,Success,None
TXN2571,CUST1086,2026-05-04,1653.68,Net Banking,Mobile,Pune,Success,None
TXN1611,CUST1385,2026-05-04,1260.97,Net Banking,Mobile,Mumbai,Success,None
TXN0027,CUST1805,2026-05-05,1140.74,UPI,Tablet,Chennai,Success,None
TXN0108,CUST1815,2026-05-05,541.28,UPI,Desktop,Delhi,Success,None
TXN2684,CUST1503,2026-05-05,2726.19,UPI,Mobile,Pune,Success,None
TXN0740,CUST1625,2026-05-05,2453.88,Credit Card,Desktop,Pune,Success,None
TXN0073,CUST1564,2026-05-05,509.39,UPI,Mobile,Pune,Success,None
TXN0993,CUST1814,2026-05-05,718.44,UPI,Mobile,Hyderabad,Success,None
TXN2718,CUST1861,2026-05-05,1388.74,UPI,Tablet,Bangalore,Success,None
TXN0768,CUST1368,2026-05-05,701.49,Net Banking,Mobile,Bangalore,Failed,Invalid Details
TXN1275,CUST1775,2026-05-05,1206.28,Credit Card,Desktop,Chennai,Success,None
TXN0530,CUST1920,2026-05-05,805.77,Credit Card,Mobile,Bangalore,Success,None
TXN0900,CUST1972,2026-05-05,739.6,UPI,Mobile,Bangalore,Success,None
TXN1327,CUST1003,2026-05-05,2049.34,UPI,Mobile,Chennai,Success,None
TXN2663,CUST1519,2026-05-05,817.14,Credit Card,Mobile,Chennai,Failed,Technical Error
TXN0218,CUST1577,2026-05-05,944.47,Credit Card,Mobile,Delhi,Success,None
TXN2882,CUST1364,2026-05-05,531.86,UPI,Mobile,Delhi,Success,None
TXN1280,CUST1553,2026-05-05,1064.59,UPI,Mobile,Pune,Failed,Network Error
TXN1818,CUST1665,2026-05-05,1830.49,UPI,Mobile,Mumbai,Success,None
TXN1096,CUST1703,2026-05-06,294.8,Credit Card,Desktop,Bangalore,Success,None
TXN2040,CUST1107,2026-05-06,336.62,Debit Card,Tablet,Chennai,Failed,Network Error
TXN2435,CUST1898,2026-05-06,1761.72,Credit Card,Mobile,Mumbai,Failed,Insufficient Funds
TXN2451,CUST1955,2026-05-06,1872.7,UPI,Mobile,Mumbai,Success,None
TXN1698,CUST1777,2026-05-06,355.84,Net Banking,Mobile,Delhi,Success,None
TXN0256,CUST1818,2026-05-06,762.05,UPI,Mobile,Chennai,Success,None
TXN0859,CUST1364,2026-05-06,546.33,Wallet,Mobile,Pune,Failed,Bank Declined
TXN2116,CUST1225,2026-05-06,1002.63,UPI,Mobile,Hyderabad,Success,None
TXN1418,CUST1839,2026-05-06,504.06,Credit Card,Mobile,Chennai,Success,None
TXN1294,CUST1376,2026-05-06,2762.1,Credit Card,Mobile,Delhi,Success,None
TXN0632,CUST1998,2026-05-06,6985.04,Net Banking,Tablet,Mumbai,Success,None
TXN1489,CUST1950,2026-05-06,822.96,Debit Card,Mobile,Mumbai,Success,None
TXN0397,CUST1253,2026-05-06,1731.69,Credit Card,Mobile,Mumbai,Failed,Technical Error
TXN1242,CUST1882,2026-05-06,467.27,Credit Card,Desktop,Pune,Success,None
TXN0450,CUST1797,2026-05-06,1400.86,Wallet,Mobile,Chennai,Success,None
TXN2863,CUST1756,2026-05-06,2686.92,UPI,Tablet,Bangalore,Success,None
TXN1997,CUST1726,2026-05-06,682.64,Credit Card,Mobile,Bangalore,Failed,Network Error
TXN2447,CUST1739,2026-05-07,837.54,UPI,Desktop,Delhi,Failed,Technical Error
TXN1144,CUST1760,2026-05-07,907.6,Net Banking,Mobile,Mumbai,Success,None
TXN2893,CUST1710,2026-05-07,1272.8,Credit Card,Mobile,Hyderabad,Success,None
TXN0708,CUST1834,2026-05-07,806.64,Debit Card,Desktop,Mumbai,Success,None
TXN1447,CUST1636,2026-05-07,3206.88,UPI,Mobile,Pune,Success,None
TXN2986,CUST1643,2026-05-07,472.5,Credit Card,Mobile,Mumbai,Success,None
TXN2591,CUST1593,2026-05-07,177.14,UPI,Mobile,Hyderabad,Success,None
TXN0676,CUST1222,2026-05-07,1485.67,Credit Card,Desktop,Bangalore,Success,None
TXN2891,CUST1064,2026-05-07,841.03,UPI,Mobile,Delhi,Success,None
TXN2303,CUST1411,2026-05-07,814.5,Wallet,Desktop,Bangalore,Success,None
TXN1191,CUST1793,2026-05-07,567.75,UPI,Tablet,Bangalore,Success,None
TXN0757,CUST1098,2026-05-07,1590.44,UPI,Mobile,Bangalore,Success,None
TXN2725,CUST1971,2026-05-07,4372.17,Credit Card,Mobile,Mumbai,Success,None
TXN2257,CUST1556,2026-05-07,1365.37,UPI,Mobile,Delhi,Failed,Insufficient Funds
TXN0998,CUST1797,2026-05-07,1062.28,Credit Card,Desktop,Chennai,Success,None
TXN2990,CUST1458,2026-05-07,4048.46,UPI,Mobile,Pune,Success,None
TXN1318,CUST1228,2026-05-07,2181.19,Credit Card,Mobile,Bangalore,Failed,Bank Declined
TXN1535,CUST1549,2026-05-07,750.65,Net Banking,Tablet,Chennai,Success,None
TXN2414,CUST1583,2026-05-07,1342.39,Net Banking,Desktop,Hyderabad,Success,None
TXN2995,CUST1038,2026-05-07,296.44,UPI,Tablet,Mumbai,Failed,Technical Error
TXN1115,CUST1541,2026-05-07,449.37,Net Banking,Mobile,Hyderabad,Success,None
TXN2029,CUST1496,2026-05-07,790.9,Debit Card,Desktop,Pune,Success,None
TXN2477,CUST1800,2026-05-08,307.7,UPI,Mobile,Bangalore,Success,None
TXN1446,CUST1690,2026-05-08,587.0,Debit Card,Mobile,Chennai,Success,None
TXN0486,CUST1115,2026-05-08,480.63,UPI,Desktop,Bangalore,Success,None
TXN2530,CUST1962,2026-05-08,770.24,UPI,Mobile,Chennai,Success,None
TXN1456,CUST1224,2026-05-08,577.5,UPI,Mobile,Pune,Failed,Bank Declined
TXN2148,CUST1520,2026-05-08,937.08,Credit Card,Tablet,Mumbai,Success,None
TXN0686,CUST1791,2026-05-08,390.74,Debit Card,Mobile,Pune,Failed,Network Error
TXN2812,CUST1357,2026-05-08,1739.18,Debit Card,Desktop,Hyderabad,Success,None
TXN2904,CUST1290,2026-05-08,1860.18,Credit Card,Mobile,Chennai,Success,None
TXN2630,CUST1561,2026-05-08,2264.95,Net Banking,Tablet,Hyderabad,Failed,Network Error
TXN2065,CUST1696,2026-05-08,1472.44,UPI,Mobile,Chennai,Success,None
TXN1979,CUST1710,2026-05-08,954.38,UPI,Mobile,Hyderabad,Success,None
TXN0912,CUST1133,2026-05-08,888.07,Debit Card,Mobile,Hyderabad,Failed,Bank Declined
TXN0889,CUST1637,2026-05-08,4159.31,UPI,Mobile,Delhi,Success,None
TXN0503,CUST1685,2026-05-08,4424.81,UPI,Mobile,Pune,Success,None
TXN0234,CUST1347,2026-05-08,866.56,Debit Card,Mobile,Chennai,Success,None
TXN0702,CUST1928,2026-05-08,1135.54,UPI,Mobile,Mumbai,Success,None
TXN0849,CUST1794,2026-05-08,494.52,UPI,Mobile,Pune,Success,None
TXN1945,CUST1329,2026-05-09,3320.23,Net Banking,Mobile,Bangalore,Success,None
TXN0819,CUST1692,2026-05-09,1429.62,Debit Card,Desktop,Bangalore,Success,None
TXN0837,CUST1953,2026-05-09,536.03,Debit Card,Mobile,Bangalore,Success,None
TXN2352,CUST1982,2026-05-09,859.08,Debit Card,Mobile,Mumbai,Failed,Technical Error
TXN2357,CUST1284,2026-05-09,331.49,Credit Card,Mobile,Pune,Success,None
TXN0635,CUST1580,2026-05-09,1559.16,UPI,Tablet,Bangalore,Success,None
TXN0334,CUST1402,2026-05-09,1270.03,UPI,Mobile,Mumbai,Success,None
TXN2238,CUST1352,2026-05-09,4619.96,Credit Card,Mobile,Chennai,Success,None
TXN0008,CUST1020,2026-05-09,656.53,UPI,Mobile,Delhi,Failed,Network Error
TXN1324,CUST1467,2026-05-09,2112.34,UPI,Mobile,Hyderabad,Success,None
TXN0492,CUST1160,2026-05-09,775.84,UPI,Desktop,Mumbai,Success,None
TXN0361,CUST1262,2026-05-09,897.56,UPI,Desktop,Bangalore,Success,None
TXN2371,CUST1129,2026-05-09,733.58,UPI,Tablet,Mumbai,Success,None
TXN1867,CUST1129,2026-05-09,1031.03,UPI,Mobile,Chennai,Success,None
TXN2467,CUST1319,2026-05-09,550.53,UPI,Desktop,Mumbai,Success,None
TXN2635,CUST1419,2026-05-09,419.17,Debit Card,Mobile,Delhi,Success,None
TXN0203,CUST1484,2026-05-10,2862.03,Debit Card,Desktop,Bangalore,Success,None
TXN2565,CUST1699,2026-05-10,1268.56,UPI,Mobile,Bangalore,Failed,Bank Declined
TXN1616,CUST1346,2026-05-10,618.59,Debit Card,Mobile,Bangalore,Success,None
TXN2896,CUST1914,2026-05-10,4294.04,Debit Card,Desktop,Pune,Failed,Network Error
TXN0335,CUST1345,2026-05-10,2099.87,Net Banking,Desktop,Delhi,Success,None
TXN0113,CUST1251,2026-05-10,4173.85,Debit Card,Mobile,Mumbai,Success,None
TXN0098,CUST1702,2026-05-10,293.14,UPI,Mobile,Pune,Success,None
TXN0295,CUST1637,2026-05-10,972.27,Wallet,Mobile,Delhi,Failed,Network Error
TXN0247,CUST1258,2026-05-10,608.91,UPI,Mobile,Pune,Success,None
TXN0255,CUST1224,2026-05-10,1162.63,Wallet,Mobile,Delhi,Success,None
TXN2614,CUST1816,2026-05-10,3331.34,Net Banking,Mobile,Bangalore,Success,None
TXN0808,CUST1024,2026-05-10,3883.77,UPI,Desktop,Hyderabad,Success,None
TXN0220,CUST1556,2026-05-11,787.38,Credit Card,Mobile,Bangalore,Success,None
TXN0694,CUST1474,2026-05-11,852.29,Debit Card,Desktop,Chennai,Success,None
TXN0853,CUST1028,2026-05-11,369.67,Debit Card,Mobile,Mumbai,Success,None
TXN1310,CUST1663,2026-05-11,779.48,UPI,Mobile,Bangalore,Success,None
TXN2861,CUST1780,2026-05-11,1424.66,Net Banking,Mobile,Hyderabad,Success,None
TXN0811,CUST1468,2026-05-11,1390.23,Credit Card,Mobile,Delhi,Success,None
TXN0776,CUST1272,2026-05-11,658.47,Credit Card,Mobile,Mumbai,Success,None
TXN0958,CUST1007,2026-05-11,746.54,Credit Card,Mobile,Mumbai,Success,None
TXN0088,CUST1561,2026-05-11,501.6,Net Banking,Mobile,Chennai,Success,None
TXN2309,CUST1277,2026-05-11,1020.97,Debit Card,Mobile,Bangalore,Success,None
TXN1176,CUST1404,2026-05-11,2200.96,Credit Card,Mobile,Mumbai,Success,None
TXN2173,CUST1356,2026-05-11,1129.97,UPI,Mobile,Delhi,Success,None
TXN2967,CUST1892,2026-05-11,1138.25,Net Banking,Mobile,Chennai,Success,None
TXN2791,CUST1177,2026-05-11,1155.63,Credit Card,Desktop,Bangalore,Success,None
TXN0872,CUST1414,2026-05-11,823.82,Debit Card,Mobile,Chennai,Failed,Bank Declined
TXN2977,CUST1647,2026-05-11,4035.48,Credit Card,Mobile,Mumbai,Success,None
TXN2495,CUST1091,2026-05-11,2207.91,UPI,Mobile,Pune,Success,None
TXN1665,CUST1317,2026-05-11,2571.87,Wallet,Mobile,Chennai,Success,None
TXN2596,CUST1548,2026-05-11,498.51,UPI,Mobile,Chennai,Success,None
TXN2522,CUST1993,2026-05-11,1925.57,UPI,Mobile,Mumbai,Success,None
TXN0528,CUST1866,2026-05-12,1925.12,Wallet,Mobile,Mumbai,Success,None
TXN0554,CUST1958,2026-05-12,1980.29,Wallet,Tablet,Mumbai,Success,None
TXN2262,CUST1425,2026-05-12,685.19,Credit Card,Mobile,Hyderabad,Success,None
TXN1711,CUST1348,2026-05-12,898.45,UPI,Mobile,Chennai,Failed,Bank Declined
TXN1042,CUST1713,2026-05-12,2358.05,Wallet,Desktop,Pune,Success,None
TXN2957,CUST1714,2026-05-12,1005.09,Debit Card,Desktop,Chennai,Success,None
TXN0531,CUST1407,2026-05-12,939.0,UPI,Mobile,Chennai,Success,None
TXN0496,CUST1017,2026-05-12,678.44,UPI,Mobile,Bangalore,Success,None
TXN2556,CUST1899,2026-05-12,1258.56,Wallet,Mobile,Hyderabad,Failed,Network Error
TXN2077,CUST1576,2026-05-12,1040.55,UPI,Desktop,Chennai,Failed,Network Error
TXN1255,CUST1473,2026-05-12,683.09,Debit Card,Mobile,Mumbai,Success,None
TXN2745,CUST1366,2026-05-12,2470.67,UPI,Mobile,Pune,Success,None
TXN2648,CUST1754,2026-05-12,1691.06,Wallet,Mobile,Chennai,Success,None
TXN2992,CUST1350,2026-05-12,857.58,Wallet,Desktop,Mumbai,Success,None
TXN1926,CUST1038,2026-05-12,1470.05,Debit Card,Mobile,Hyderabad,Success,None
TXN1924,CUST1041,2026-05-13,253.47,Debit Card,Mobile,Mumbai,Success,None
TXN2760,CUST1796,2026-05-13,1219.08,UPI,Mobile,Hyderabad,Success,None
TXN1725,CUST1228,2026-05-13,2590.37,Credit Card,Mobile,Pune,Success,None
TXN2389,CUST1954,2026-05-13,628.02,Net Banking,Mobile,Hyderabad,Success,None
TXN0367,CUST1880,2026-05-13,963.01,Credit Card,Mobile,Hyderabad,Success,None
TXN1445,CUST1799,2026-05-13,494.71,Credit Card,Mobile,Pune,Success,None
TXN0304,CUST1835,2026-05-13,494.49,UPI,Mobile,Mumbai,Failed,Technical Error
TXN2740,CUST1496,2026-05-13,2129.54,Credit Card,Mobile,Chennai,Success,None
TXN0860,CUST1832,2026-05-13,3940.58,Net Banking,Tablet,Chennai,Success,None
TXN2119,CUST1563,2026-05-13,872.52,UPI,Mobile,Bangalore,Success,None
TXN2362,CUST1488,2026-05-13,1144.6,Credit Card,Mobile,Bangalore,Success,None
TXN0294,CUST1402,2026-05-13,1808.08,UPI,Mobile,Pune,Success,None
TXN1903,CUST1738,2026-05-13,953.38,Wallet,Desktop,Chennai,Success,None
TXN1812,CUST1200,2026-05-14,2143.7,Debit Card,Mobile,Hyderabad,Success,None
TXN0191,CUST1553,2026-05-14,976.65,UPI,Mobile,Mumbai,Success,None
TXN2951,CUST1814,2026-05-14,1429.65,Credit Card,Mobile,Delhi,Success,None
TXN1550,CUST1992,2026-05-14,1288.29,UPI,Mobile,Mumbai,Success,None
TXN2081,CUST1428,2026-05-14,1058.13,Wallet,Desktop,Bangalore,Success,None
TXN2428,CUST1348,2026-05-14,1425.99,Debit Card,Mobile,Hyderabad,Success,None
TXN2088,CUST1292,2026-05-14,904.36,Credit Card,Mobile,Pune,Success,None
TXN2201,CUST1250,2026-05-14,608.26,Debit Card,Mobile,Chennai,Success,None
TXN0864,CUST1510,2026-05-14,3483.75,Credit Card,Tablet,Delhi,Success,None
TXN0931,CUST1440,2026-05-14,3290.87,Credit Card,Mobile,Chennai,Success,None
TXN0243,CUST1632,2026-05-14,871.77,UPI,Mobile,Mumbai,Success,None
TXN0222,CUST1952,2026-05-14,169.86,UPI,Mobile,Mumbai,Success,None
TXN1774,CUST1470,2026-05-14,831.6,Debit Card,Desktop,Pune,Success,None
TXN1691,CUST1896,2026-05-14,3025.7,Credit Card,Desktop,Bangalore,Success,None
TXN2674,CUST1292,2026-05-14,2005.57,Credit Card,Mobile,Delhi,Success,None
TXN1287,CUST1737,2026-05-14,1000.73,Debit Card,Mobile,Mumbai,Success,None
TXN2123,CUST1659,2026-05-14,2261.23,UPI,Mobile,Chennai,Success,None
TXN2317,CUST1191,2026-05-14,484.27,Debit Card,Desktop,Delhi,Success,None
TXN2592,CUST1965,2026-05-14,759.13,Credit Card,Tablet,Mumbai,Success,None
TXN0454,CUST1959,2026-05-15,699.57,Debit Card,Mobile,Pune,Success,None
TXN0376,CUST1008,2026-05-15,1157.48,UPI,Desktop,Chennai,Success,None
TXN2346,CUST1878,2026-05-15,3002.43,Wallet,Mobile,Pune,Success,None
TXN1703,CUST1379,2026-05-15,1281.22,Wallet,Desktop,Pune,Success,None
TXN2644,CUST1931,2026-05-15,227.7,Debit Card,Mobile,Mumbai,Success,None
TXN1388,CUST1776,2026-05-15,1525.39,UPI,Tablet,Hyderabad,Success,None
TXN0753,CUST1919,2026-05-15,1025.86,UPI,Mobile,Mumbai,Success,None
TXN1434,CUST1131,2026-05-15,5064.44,UPI,Mobile,Delhi,Success,None
TXN2144,CUST1053,2026-05-15,867.27,Debit Card,Desktop,Delhi,Success,None
TXN1973,CUST1876,2026-05-15,621.82,UPI,Mobile,Hyderabad,Failed,Technical Error
TXN1692,CUST1263,2026-05-15,404.12,UPI,Tablet,Pune,Success,None
TXN0655,CUST1452,2026-05-15,1224.25,Credit Card,Mobile,Mumbai,Success,None
TXN1066,CUST1249,2026-05-16,477.6,UPI,Desktop,Chennai,Success,None
TXN0138,CUST1128,2026-05-16,1732.35,Debit Card,Mobile,Mumbai,Success,None
TXN0226,CUST1619,2026-05-16,1032.85,UPI,Tablet,Bangalore,Success,None
TXN0390,CUST1586,2026-05-16,1301.63,UPI,Mobile,Bangalore,Success,None
TXN0090,CUST1387,2026-05-16,369.63,UPI,Mobile,Bangalore,Success,None
TXN1249,CUST1713,2026-05-16,552.09,UPI,Mobile,Delhi,Success,None
TXN1444,CUST1525,2026-05-16,1046.22,Credit Card,Mobile,Pune,Success,None
TXN0488,CUST1252,2026-05-16,552.71,Net Banking,Mobile,Pune,Failed,Bank Declined
TXN2157,CUST1689,2026-05-16,972.01,UPI,Mobile,Delhi,Success,None
TXN2657,CUST1551,2026-05-16,632.22,Wallet,Tablet,Delhi,Success,None
TXN2532,CUST1901,2026-05-16,4013.37,UPI,Mobile,Bangalore,Success,None
TXN1933,CUST1434,2026-05-16,291.68,Debit Card,Mobile,Mumbai,Success,None
TXN2872,CUST1493,2026-05-16,1371.78,Credit Card,Mobile,Mumbai,Success,None
TXN1083,CUST1623,2026-05-16,1993.0,Debit Card,Desktop,Bangalore,Failed,Network Error
TXN2576,CUST1242,2026-05-16,527.29,UPI,Mobile,Delhi,Success,None
TXN1487,CUST1996,2026-05-16,1727.8,Wallet,Mobile,Delhi,Success,None
TXN0451,CUST1608,2026-05-16,891.38,Net Banking,Mobile,Chennai,Success,None
TXN2456,CUST1385,2026-05-17,973.72,Debit Card,Mobile,Chennai,Success,None
TXN0262,CUST1373,2026-05-17,2215.46,UPI,Mobile,Bangalore,Failed,Bank Declined
TXN2235,CUST1335,2026-05-17,3231.13,UPI,Mobile,Pune,Failed,Network Error
TXN2400,CUST1933,2026-05-17,1741.97,Debit Card,Mobile,Bangalore,Success,None
TXN0831,CUST1842,2026-05-17,1153.91,Debit Card,Desktop,Pune,Success,None
TXN1723,CUST1760,2026-05-17,1822.33,Credit Card,Mobile,Chennai,Success,None
TXN1618,CUST1639,2026-05-17,693.87,UPI,Mobile,Hyderabad,Success,None
TXN1627,CUST1966,2026-05-17,1525.85,Credit Card,Mobile,Chennai,Success,None
TXN1841,CUST1598,2026-05-17,829.73,Debit Card,Mobile,Mumbai,Success,None
TXN2325,CUST1021,2026-05-17,547.61,UPI,Desktop,Chennai,Success,None
TXN0800,CUST1850,2026-05-17,813.72,UPI,Desktop,Delhi,Success,None
TXN2568,CUST1970,2026-05-17,824.21,Credit Card,Desktop,Delhi,Success,None
TXN2933,CUST1292,2026-05-17,1987.04,UPI,Desktop,Chennai,Success,None
TXN0332,CUST1954,2026-05-17,633.24,UPI,Mobile,Delhi,Failed,Invalid Details
TXN0510,CUST1961,2026-05-17,3112.76,Credit Card,Mobile,Delhi,Success,None
TXN0927,CUST1675,2026-05-17,624.34,Debit Card,Desktop,Chennai,Success,None
TXN1562,CUST1126,2026-05-17,1319.77,UPI,Mobile,Hyderabad,Success,None
TXN1016,CUST1853,2026-05-17,3154.61,Debit Card,Desktop,Hyderabad,Success,None
TXN0600,CUST1119,2026-05-17,1103.92,Net Banking,Desktop,Chennai,Success,None
TXN0020,CUST1130,2026-05-17,504.21,UPI,Desktop,Chennai,Success,None
TXN2877,CUST1481,2026-05-18,706.83,Net Banking,Mobile,Delhi,Success,None
TXN2300,CUST1223,2026-05-18,741.99,Debit Card,Desktop,Pune,Success,None
TXN1971,CUST1921,2026-05-18,1136.12,Debit Card,Desktop,Bangalore,Success,None
TXN1662,CUST1890,2026-05-18,3062.39,UPI,Mobile,Bangalore,Failed,Bank Declined
TXN0533,CUST1827,2026-05-18,645.85,Credit Card,Desktop,Chennai,Failed,Network Error
TXN2239,CUST1570,2026-05-18,325.89,UPI,Mobile,Hyderabad,Success,None
TXN2719,CUST1360,2026-05-18,812.35,Credit Card,Mobile,Chennai,Success,None
TXN0748,CUST1760,2026-05-18,1250.47,Net Banking,Desktop,Delhi,Success,None
TXN1647,CUST1147,2026-05-18,1218.79,UPI,Mobile,Hyderabad,Success,None
TXN1582,CUST1419,2026-05-18,780.65,Debit Card,Mobile,Bangalore,Success,None
TXN2439,CUST1152,2026-05-18,1950.62,Credit Card,Tablet,Pune,Success,None
TXN0659,CUST1473,2026-05-18,544.17,UPI,Mobile,Hyderabad,Failed,Invalid Details
TXN1415,CUST1571,2026-05-18,1343.13,Credit Card,Desktop,Delhi,Success,None
TXN0385,CUST1053,2026-05-18,519.39,Net Banking,Mobile,Mumbai,Success,None
TXN0060,CUST1818,2026-05-18,1593.01,Credit Card,Desktop,Hyderabad,Success,None
TXN1740,CUST1911,2026-05-18,879.57,Debit Card,Mobile,Bangalore,Success,None
TXN2616,CUST1724,2026-05-18,729.22,Credit Card,Mobile,Hyderabad,Failed,Network Error
TXN0300,CUST1671,2026-05-18,598.51,UPI,Mobile,Chennai,Success,None
TXN2856,CUST1584,2026-05-18,1040.56,UPI,Mobile,Bangalore,Success,None
TXN2976,CUST1290,2026-05-18,901.63,Credit Card,Mobile,Pune,Success,None
TXN0605,CUST1950,2026-05-18,1608.2,UPI,Mobile,Chennai,Success,None
TXN0868,CUST1131,2026-05-19,1112.92,Wallet,Mobile,Hyderabad,Success,None
TXN1359,CUST1089,2026-05-19,4410.9,Net Banking,Mobile,Chennai,Success,None
TXN1910,CUST1481,2026-05-19,1117.21,Credit Card,Desktop,Mumbai,Success,None
TXN1557,CUST1323,2026-05-19,643.55,UPI,Mobile,Hyderabad,Success,None
TXN0894,CUST1828,2026-05-19,3143.05,Net Banking,Mobile,Pune,Success,None
TXN2523,CUST1105,2026-05-19,302.73,UPI,Mobile,Chennai,Success,None
TXN0373,CUST1452,2026-05-19,748.38,UPI,Mobile,Pune,Success,None
TXN2344,CUST1032,2026-05-19,196.67,Debit Card,Mobile,Pune,Success,None
TXN1113,CUST1983,2026-05-19,1157.35,UPI,Desktop,Mumbai,Success,None
TXN2870,CUST1380,2026-05-19,1212.67,UPI,Mobile,Pune,Success,None
TXN0312,CUST1279,2026-05-19,491.7,UPI,Mobile,Pune,Success,None
TXN1803,CUST1114,2026-05-19,675.89,Wallet,Mobile,Hyderabad,Success,None
TXN2736,CUST1996,2026-05-19,3146.52,Net Banking,Desktop,Pune,Success,None
TXN1321,CUST1222,2026-05-19,438.72,UPI,Tablet,Pune,Success,None
TXN0833,CUST1750,2026-05-19,415.8,Net Banking,Tablet,Chennai,Success,None
TXN2752,CUST1881,2026-05-19,711.43,UPI,Mobile,Bangalore,Success,None
TXN1331,CUST1880,2026-05-19,1761.69,UPI,Mobile,Bangalore,Success,None
TXN2013,CUST1994,2026-05-19,798.57,UPI,Tablet,Bangalore,Success,None
TXN2618,CUST1953,2026-05-19,1955.45,Wallet,Mobile,Pune,Success,None
TXN1243,CUST1014,2026-05-19,2235.86,Credit Card,Mobile,Hyderabad,Success,None
TXN1598,CUST1201,2026-05-20,862.58,UPI,Mobile,Pune,Success,None
TXN2623,CUST1515,2026-05-20,1464.23,Credit Card,Mobile,Pune,Success,None
TXN0703,CUST1956,2026-05-20,2111.91,UPI,Desktop,Mumbai,Success,None
TXN2372,CUST1686,2026-05-20,1386.29,Credit Card,Mobile,Pune,Success,None
TXN0408,CUST1337,2026-05-20,692.38,UPI,Mobile,Chennai,Success,None
TXN1357,CUST1558,2026-05-20,2355.16,UPI,Desktop,Bangalore,Success,None
TXN2121,CUST1570,2026-05-20,1280.87,Credit Card,Mobile,Mumbai,Success,None
TXN2689,CUST1742,2026-05-20,1492.73,UPI,Mobile,Mumbai,Success,None
TXN0137,CUST1343,2026-05-20,406.87,Net Banking,Tablet,Bangalore,Success,None
TXN2142,CUST1516,2026-05-21,2163.67,UPI,Mobile,Pune,Success,None
TXN1443,CUST1615,2026-05-21,1346.89,Debit Card,Mobile,Delhi,Failed,Technical Error
TXN0327,CUST1463,2026-05-21,901.28,Debit Card,Mobile,Chennai,Success,None
TXN1780,CUST1933,2026-05-21,2752.79,Credit Card,Mobile,Pune,Success,None
TXN0015,CUST1087,2026-05-21,4261.75,UPI,Mobile,Pune,Failed,Insufficient Funds
TXN1613,CUST1209,2026-05-21,1158.91,Debit Card,Mobile,Mumbai,Success,None
TXN1110,CUST1248,2026-05-21,1397.79,Credit Card,Desktop,Pune,Success,None
TXN1570,CUST1461,2026-05-21,380.29,UPI,Tablet,Pune,Success,None
TXN1328,CUST1846,2026-05-21,917.08,Credit Card,Mobile,Bangalore,Success,None
TXN2418,CUST1656,2026-05-21,1515.83,Net Banking,Desktop,Mumbai,Success,None
TXN1861,CUST1980,2026-05-21,264.25,UPI,Mobile,Delhi,Success,None
TXN1079,CUST1733,2026-05-21,346.57,UPI,Desktop,Bangalore,Success,None
TXN2046,CUST1545,2026-05-21,690.18,Credit Card,Mobile,Hyderabad,Success,None
TXN0237,CUST1189,2026-05-21,1495.85,Debit Card,Mobile,Chennai,Success,None
TXN2918,CUST1084,2026-05-21,962.83,UPI,Desktop,Pune,Success,None
TXN1987,CUST1781,2026-05-21,1349.1,Credit Card,Tablet,Pune,Success,None
TXN2948,CUST1406,2026-05-21,723.69,UPI,Desktop,Delhi,Success,None
TXN0448,CUST1225,2026-05-21,324.84,Net Banking,Mobile,Chennai,Success,None
TXN2466,CUST1989,2026-05-21,2864.17,UPI,Tablet,Bangalore,Success,None
TXN1302,CUST1623,2026-05-21,1023.94,Net Banking,Mobile,Pune,Success,None
TXN1826,CUST1837,2026-05-21,651.5,UPI,Mobile,Mumbai,Success,None
TXN0224,CUST1795,2026-05-21,318.87,Credit Card,Desktop,Bangalore,Success,None
TXN0971,CUST1739,2026-05-22,1350.63,Debit Card,Mobile,Pune,Success,None
TXN0924,CUST1202,2026-05-22,1371.61,Net Banking,Tablet,Chennai,Success,None
TXN0687,CUST1335,2026-05-22,300.91,Debit Card,Desktop,Mumbai,Success,None
TXN0160,CUST1032,2026-05-22,962.21,UPI,Mobile,Pune,Success,None
TXN2777,CUST1215,2026-05-22,3108.44,UPI,Mobile,Hyderabad,Failed,Network Error
TXN1073,CUST1267,2026-05-22,298.18,Wallet,Mobile,Mumbai,Success,None
TXN0938,CUST1414,2026-05-22,229.68,Net Banking,Desktop,Hyderabad,Success,None
TXN1661,CUST1434,2026-05-22,2261.36,Debit Card,Mobile,Mumbai,Success,None
TXN0985,CUST1557,2026-05-22,2942.9,UPI,Mobile,Chennai,Success,None
TXN1464,CUST1038,2026-05-22,2362.93,Debit Card,Mobile,Hyderabad,Success,None
TXN1163,CUST1671,2026-05-22,1050.72,Credit Card,Desktop,Chennai,Success,None
TXN2698,CUST1260,2026-05-23,217.0,UPI,Desktop,Chennai,Success,None
TXN1276,CUST1935,2026-05-23,175.13,Credit Card,Desktop,Bangalore,Success,None
TXN0178,CUST1642,2026-05-23,705.42,Debit Card,Mobile,Mumbai,Success,None
TXN2450,CUST1943,2026-05-23,1625.51,UPI,Mobile,Mumbai,Failed,Insufficient Funds
TXN1568,CUST1050,2026-05-23,1588.45,UPI,Mobile,Hyderabad,Success,None
TXN2771,CUST1205,2026-05-23,4428.0,Net Banking,Mobile,Delhi,Failed,Network Error
TXN0375,CUST1159,2026-05-23,1278.42,UPI,Mobile,Delhi,Success,None
TXN1441,CUST1839,2026-05-23,728.01,Credit Card,Tablet,Delhi,Success,None
TXN1379,CUST1012,2026-05-23,2324.53,UPI,Mobile,Chennai,Success,None
TXN1154,CUST1359,2026-05-23,715.56,Debit Card,Mobile,Delhi,Success,None
TXN0198,CUST1240,2026-05-23,2236.6,Net Banking,Mobile,Pune,Success,None
TXN1730,CUST1263,2026-05-23,1608.59,UPI,Mobile,Delhi,Success,None
TXN0056,CUST1831,2026-05-23,394.04,Net Banking,Mobile,Hyderabad,Success,None
TXN2925,CUST1628,2026-05-23,733.36,Wallet,Mobile,Pune,Success,None
TXN0761,CUST1095,2026-05-23,677.86,Wallet,Mobile,Pune,Success,None
TXN1930,CUST1228,2026-05-23,883.02,Net Banking,Mobile,Chennai,Success,None
TXN0680,CUST1441,2026-05-23,1957.94,UPI,Desktop,Hyderabad,Success,None
TXN0594,CUST1369,2026-05-23,190.77,Credit Card,Desktop,Hyderabad,Success,None
TXN0677,CUST1905,2026-05-23,1686.46,Credit Card,Tablet,Delhi,Success,None
TXN0918,CUST1828,2026-05-23,522.72,Net Banking,Mobile,Pune,Success,None
TXN0802,CUST1366,2026-05-23,661.58,UPI,Mobile,Pune,Success,None
TXN1177,CUST1837,2026-05-24,658.49,Debit Card,Desktop,Bangalore,Success,None
TXN0416,CUST1160,2026-05-24,7602.15,UPI,Desktop,Delhi,Success,None
TXN0661,CUST1340,2026-05-24,2857.4,UPI,Mobile,Hyderabad,Success,None
TXN0490,CUST1927,2026-05-24,1389.61,Credit Card,Mobile,Mumbai,Success,None
TXN2595,CUST1661,2026-05-24,820.06,UPI,Mobile,Hyderabad,Success,None
TXN2501,CUST1241,2026-05-24,1692.74,Credit Card,Tablet,Bangalore,Success,None
TXN0133,CUST1064,2026-05-24,1200.69,Credit Card,Mobile,Delhi,Success,None
TXN0602,CUST1786,2026-05-24,655.77,UPI,Mobile,Chennai,Failed,Invalid Details
TXN0270,CUST1496,2026-05-24,2109.27,UPI,Tablet,Chennai,Success,None
TXN0136,CUST1520,2026-05-24,931.0,Credit Card,Mobile,Pune,Success,None
TXN0140,CUST1471,2026-05-24,2253.09,UPI,Mobile,Pune,Success,None
TXN0737,CUST1195,2026-05-24,787.05,Debit Card,Desktop,Chennai,Success,None
TXN2699,CUST1448,2026-05-24,2412.39,UPI,Mobile,Delhi,Success,None
TXN1479,CUST1477,2026-05-24,1110.11,Net Banking,Tablet,Mumbai,Success,None
TXN2944,CUST1363,2026-05-24,913.07,Net Banking,Mobile,Delhi,Success,None
TXN0524,CUST1476,2026-05-24,2903.04,Debit Card,Mobile,Pune,Success,None
TXN2815,CUST1085,2026-05-24,2892.4,UPI,Desktop,Chennai,Success,None
TXN0590,CUST1935,2026-05-25,747.16,Debit Card,Tablet,Chennai,Success,None
TXN1475,CUST1014,2026-05-25,1376.06,Credit Card,Desktop,Chennai,Success,None
TXN2425,CUST1561,2026-05-25,1411.9,UPI,Desktop,Pune,Success,None
TXN1061,CUST1347,2026-05-25,539.33,Wallet,Mobile,Mumbai,Success,None
TXN1496,CUST1516,2026-05-25,191.59,Credit Card,Mobile,Mumbai,Success,None
TXN1905,CUST1490,2026-05-25,1552.73,UPI,Mobile,Pune,Success,None
TXN1344,CUST1172,2026-05-25,482.41,Debit Card,Mobile,Bangalore,Success,None
TXN2249,CUST1355,2026-05-25,1700.82,Debit Card,Mobile,Chennai,Success,None
TXN2924,CUST1923,2026-05-25,1246.9,Credit Card,Mobile,Chennai,Success,None
TXN2122,CUST1583,2026-05-25,822.04,UPI,Mobile,Pune,Success,None
TXN0135,CUST1838,2026-05-25,378.27,Credit Card,Desktop,Chennai,Success,None
TXN2911,CUST1621,2026-05-25,343.96,Debit Card,Desktop,Bangalore,Success,None
TXN0925,CUST1763,2026-05-25,1539.94,UPI,Mobile,Bangalore,Success,None
TXN2594,CUST1722,2026-05-25,562.37,UPI,Desktop,Bangalore,Success,None
TXN0348,CUST1337,2026-05-25,2084.16,Credit Card,Mobile,Delhi,Success,None
TXN1601,CUST1116,2026-05-25,491.53,UPI,Tablet,Pune,Success,None
TXN1295,CUST1288,2026-05-25,920.7,Debit Card,Desktop,Bangalore,Success,None
TXN1577,CUST1813,2026-05-25,1261.83,Wallet,Mobile,Hyderabad,Success,None
TXN2680,CUST1827,2026-05-26,698.35,Wallet,Mobile,Bangalore,Success,None
TXN2066,CUST1271,2026-05-26,2210.91,UPI,Mobile,Pune,Success,None
TXN1239,CUST1505,2026-05-26,1621.42,Credit Card,Tablet,Mumbai,Success,None
TXN2528,CUST1970,2026-05-26,3008.7,Credit Card,Mobile,Delhi,Success,None
TXN2753,CUST1333,2026-05-26,974.29,UPI,Desktop,Mumbai,Success,None
TXN2627,CUST1531,2026-05-26,1692.2,Wallet,Mobile,Delhi,Success,None
TXN0069,CUST1013,2026-05-26,617.62,UPI,Mobile,Chennai,Success,None
TXN1199,CUST1106,2026-05-26,1279.94,UPI,Mobile,Chennai,Success,None
TXN1141,CUST1970,2026-05-26,1665.37,Net Banking,Mobile,Pune,Success,None
TXN1609,CUST1074,2026-05-26,2057.06,Debit Card,Mobile,Mumbai,Success,None
TXN0043,CUST1681,2026-05-26,1859.12,UPI,Mobile,Hyderabad,Failed,Network Error
TXN0581,CUST1195,2026-05-26,2922.75,Wallet,Mobile,Pune,Success,None
TXN0241,CUST1282,2026-05-26,227.31,Credit Card,Mobile,Chennai,Success,None
TXN0425,CUST1391,2026-05-26,1072.71,Credit Card,Desktop,Bangalore,Success,None
TXN1147,CUST1847,2026-05-27,5846.14,UPI,Desktop,Bangalore,Success,None
TXN1936,CUST1865,2026-05-27,996.82,Net Banking,Mobile,Mumbai,Success,None
TXN0698,CUST1689,2026-05-27,4838.68,UPI,Desktop,Mumbai,Success,None
TXN1368,CUST1844,2026-05-27,4240.17,Net Banking,Desktop,Bangalore,Success,None
TXN2518,CUST1089,2026-05-27,871.85,Wallet,Mobile,Hyderabad,Success,None
TXN0044,CUST1475,2026-05-27,501.3,Net Banking,Mobile,Delhi,Success,None
TXN0560,CUST1189,2026-05-27,725.82,Debit Card,Desktop,Mumbai,Success,None
TXN1501,CUST1805,2026-05-27,1447.13,Net Banking,Tablet,Bangalore,Success,None
TXN0563,CUST1313,2026-05-27,893.03,Debit Card,Mobile,Hyderabad,Success,None
TXN2091,CUST1704,2026-05-27,1440.03,Debit Card,Mobile,Hyderabad,Success,None
TXN1112,CUST1480,2026-05-27,384.78,Credit Card,Mobile,Pune,Success,None
TXN1918,CUST1016,2026-05-27,618.6,Debit Card,Desktop,Mumbai,Success,None
TXN0788,CUST1395,2026-05-27,2593.7,UPI,Mobile,Pune,Success,None
TXN2147,CUST1688,2026-05-27,686.68,Net Banking,Mobile,Mumbai,Failed,Network Error
TXN2192,CUST1260,2026-05-27,2061.21,Wallet,Desktop,Hyderabad,Success,None
TXN0942,CUST1885,2026-05-27,584.88,Credit Card,Mobile,Hyderabad,Success,None
TXN1348,CUST1409,2026-05-27,915.38,UPI,Mobile,Hyderabad,Success,None
TXN1561,CUST1839,2026-05-27,2210.46,Credit Card,Mobile,Delhi,Success,None
TXN1031,CUST1976,2026-05-27,750.85,Credit Card,Mobile,Pune,Failed,Insufficient Funds
TXN2268,CUST1550,2026-05-27,1927.38,Wallet,Mobile,Bangalore,Success,None
TXN0615,CUST1640,2026-05-27,868.14,Net Banking,Mobile,Pune,Success,None
TXN2448,CUST1520,2026-05-27,296.6,UPI,Desktop,Chennai,Success,None
TXN1401,CUST1945,2026-05-27,292.58,UPI,Desktop,Delhi,Failed,Network Error
TXN2845,CUST1052,2026-05-27,2503.59,UPI,Desktop,Chennai,Success,None
TXN2150,CUST1019,2026-05-28,203.73,UPI,Mobile,Delhi,Success,None
TXN1085,CUST1302,2026-05-28,1173.66,Credit Card,Mobile,Mumbai,Success,None
TXN1873,CUST1291,2026-05-28,513.45,Net Banking,Desktop,Delhi,Success,None
TXN2807,CUST1340,2026-05-28,834.1,UPI,Mobile,Pune,Failed,Network Error
TXN1896,CUST1311,2026-05-28,725.61,Debit Card,Mobile,Bangalore,Success,None
TXN0368,CUST1001,2026-05-28,875.51,Credit Card,Desktop,Hyderabad,Success,None
TXN0679,CUST1658,2026-05-28,1736.91,Wallet,Desktop,Delhi,Failed,Network Error
TXN2779,CUST1810,2026-05-28,1402.46,UPI,Mobile,Bangalore,Failed,Insufficient Funds
TXN2190,CUST1039,2026-05-28,960.93,Net Banking,Mobile,Delhi,Success,None
TXN0908,CUST1823,2026-05-28,433.52,Debit Card,Desktop,Pune,Success,None
TXN0592,CUST1655,2026-05-28,997.15,Debit Card,Desktop,Pune,Failed,Technical Error
TXN1236,CUST1750,2026-05-28,1228.13,UPI,Mobile,Mumbai,Success,None
TXN1514,CUST1156,2026-05-28,2381.84,UPI,Desktop,Mumbai,Success,None
TXN2935,CUST1299,2026-05-28,1763.61,UPI,Tablet,Mumbai,Success,None
TXN0856,CUST1338,2026-05-28,839.37,UPI,Desktop,Bangalore,Success,None
TXN2096,CUST1816,2026-05-28,2692.88,Credit Card,Mobile,Bangalore,Success,None
TXN2222,CUST1697,2026-05-29,457.18,UPI,Mobile,Chennai,Success,None
TXN0502,CUST1871,2026-05-29,501.48,Wallet,Desktop,Mumbai,Success,None
TXN0313,CUST1836,2026-05-29,1574.29,Debit Card,Mobile,Bangalore,Failed,Network Error
TXN1925,CUST1024,2026-05-29,382.33,Net Banking,Desktop,Hyderabad,Success,None
TXN0625,CUST1600,2026-05-29,577.58,UPI,Mobile,Hyderabad,Success,None
TXN0199,CUST1563,2026-05-29,1107.62,Credit Card,Mobile,Bangalore,Success,None
TXN2703,CUST1675,2026-05-29,3028.67,Net Banking,Mobile,Pune,Success,None
TXN1913,CUST1449,2026-05-29,1135.99,UPI,Mobile,Hyderabad,Success,None
TXN0227,CUST1555,2026-05-29,3150.59,Credit Card,Desktop,Delhi,Success,None
TXN2005,CUST1401,2026-05-29,181.01,Net Banking,Mobile,Chennai,Success,None
TXN1585,CUST1824,2026-05-29,1172.64,Credit Card,Desktop,Hyderabad,Success,None
TXN1009,CUST1238,2026-05-29,923.0,Credit Card,Mobile,Mumbai,Success,None
TXN0103,CUST1201,2026-05-29,1893.61,Credit Card,Desktop,Hyderabad,Failed,Insufficient Funds
TXN2742,CUST1555,2026-05-29,1558.15,Net Banking,Mobile,Hyderabad,Success,None
TXN2022,CUST1985,2026-05-29,820.52,Credit Card,Mobile,Bangalore,Success,None
TXN0539,CUST1019,2026-05-29,2360.46,UPI,Mobile,Pune,Failed,Invalid Details
TXN0406,CUST1895,2026-05-29,1340.76,Credit Card,Desktop,Mumbai,Success,None
TXN0153,CUST1040,2026-05-29,743.3,UPI,Desktop,Delhi,Failed,Technical Error
TXN2664,CUST1099,2026-05-29,1185.01,Debit Card,Mobile,Hyderabad,Success,None
TXN2638,CUST1865,2026-05-29,470.59,UPI,Desktop,Delhi,Success,None
TXN1636,CUST1661,2026-05-29,528.2,UPI,Mobile,Delhi,Success,None
TXN1358,CUST1000,2026-05-29,2064.01,UPI,Mobile,Chennai,Success,None
TXN0449,CUST1276,2026-05-29,2279.42,UPI,Mobile,Hyderabad,Failed,Network Error
TXN0447,CUST1026,2026-05-29,794.98,UPI,Mobile,Hyderabad,Success,None
TXN0297,CUST1052,2026-05-29,623.62,Wallet,Mobile,Hyderabad,Success,None
TXN0299,CUST1729,2026-05-29,3599.91,Wallet,Mobile,Delhi,Success,None
TXN0682,CUST1768,2026-05-29,6057.5,Net Banking,Desktop,Chennai,Success,None
TXN0052,CUST1562,2026-05-29,471.88,UPI,Desktop,Delhi,Success,None
TXN0439,CUST1669,2026-05-29,3686.51,UPI,Mobile,Mumbai,Success,None
TXN0264,CUST1607,2026-05-29,770.71,Debit Card,Mobile,Delhi,Success,None
TXN2773,CUST1489,2026-05-30,1058.79,Wallet,Desktop,Mumbai,Success,None
TXN0176,CUST1942,2026-05-30,1542.55,Wallet,Mobile,Chennai,Success,None
TXN2199,CUST1037,2026-05-30,594.87,UPI,Desktop,Chennai,Success,None
TXN2968,CUST1963,2026-05-30,617.33,Net Banking,Mobile,Delhi,Success,None
TXN0953,CUST1357,2026-05-30,998.34,UPI,Mobile,Hyderabad,Success,None
TXN1035,CUST1869,2026-05-30,2528.93,UPI,Mobile,Chennai,Success,None
TXN0155,CUST1134,2026-05-30,1539.35,Debit Card,Desktop,Delhi,Success,None
TXN1047,CUST1077,2026-05-30,652.37,UPI,Desktop,Delhi,Success,None
TXN2343,CUST1906,2026-05-30,625.57,UPI,Mobile,Bangalore,Success,None
TXN2991,CUST1262,2026-05-30,352.85,UPI,Mobile,Chennai,Success,None
TXN0053,CUST1875,2026-05-30,1562.09,Credit Card,Mobile,Pune,Success,None
TXN0457,CUST1828,2026-05-30,2505.75,UPI,Tablet,Chennai,Success,None
TXN0122,CUST1791,2026-05-30,1024.56,UPI,Desktop,Chennai,Success,None
TXN2405,CUST1831,2026-05-30,376.56,Credit Card,Mobile,Delhi,Failed,Invalid Details
TXN2806,CUST1007,2026-05-30,2020.76,UPI,Mobile,Delhi,Success,None
TXN0567,CUST1691,2026-05-30,2438.22,Net Banking,Desktop,Chennai,Success,None
TXN2765,CUST1484,2026-05-30,636.78,Net Banking,Tablet,Pune,Success,None
TXN0890,CUST1057,2026-05-30,717.82,UPI,Mobile,Mumbai,Success,None
TXN2432,CUST1535,2026-05-30,510.21,Net Banking,Mobile,Chennai,Success,None
TXN2219,CUST1317,2026-05-30,450.67,Credit Card,Desktop,Chennai,Failed,Insufficient Funds
TXN0017,CUST1099,2026-05-30,2490.31,UPI,Mobile,Hyderabad,Success,None
TXN2099,CUST1963,2026-05-31,454.25,Credit Card,Desktop,Mumbai,Success,None
TXN2423,CUST1026,2026-05-31,1411.94,Credit Card,Mobile,Pune,Success,None
TXN0162,CUST1502,2026-05-31,4315.73,Credit Card,Mobile,Pune,Success,None
TXN0249,CUST1709,2026-05-31,496.28,Credit Card,Mobile,Bangalore,Failed,Network Error
TXN2868,CUST1323,2026-05-31,860.95,Credit Card,Mobile,Chennai,Success,None
TXN2037,CUST1015,2026-05-31,674.98,UPI,Mobile,Hyderabad,Success,None
TXN0171,CUST1986,2026-05-31,997.89,Net Banking,Mobile,Hyderabad,Success,None
TXN0455,CUST1480,2026-05-31,603.46,UPI,Mobile,Pune,Success,None
TXN1378,CUST1897,2026-05-31,2853.69,Debit Card,Mobile,Mumbai,Success,None
TXN0932,CUST1401,2026-05-31,1150.61,UPI,Desktop,Delhi,Success,None
TXN2279,CUST1223,2026-05-31,1852.53,UPI,Mobile,Mumbai,Success,None
TXN0469,CUST1476,2026-05-31,625.46,Credit Card,Mobile,Mumbai,Success,None
TXN0713,CUST1042,2026-06-01,705.89,UPI,Mobile,Mumbai,Success,None
TXN0647,CUST1284,2026-06-01,1391.04,Credit Card,Mobile,Hyderabad,Success,None
TXN1194,CUST1120,2026-06-01,349.67,Wallet,Mobile,Hyderabad,Success,None
TXN0650,CUST1068,2026-06-01,848.64,Debit Card,Mobile,Bangalore,Success,None
TXN2710,CUST1706,2026-06-01,123.42,Debit Card,Mobile,Delhi,Success,None
TXN2735,CUST1686,2026-06-01,839.4,UPI,Mobile,Bangalore,Success,None
TXN1421,CUST1228,2026-06-01,1317.58,Net Banking,Desktop,Hyderabad,Success,None
TXN0030,CUST1955,2026-06-01,941.0,UPI,Desktop,Bangalore,Success,None
TXN1337,CUST1440,2026-06-01,346.26,Credit Card,Mobile,Hyderabad,Success,None
TXN1226,CUST1525,2026-06-01,1135.43,Debit Card,Mobile,Delhi,Success,None
TXN0794,CUST1454,2026-06-01,712.92,Credit Card,Mobile,Mumbai,Success,None
TXN0365,CUST1623,2026-06-01,878.54,Wallet,Mobile,Pune,Success,None
TXN0364,CUST1345,2026-06-01,1593.1,UPI,Mobile,Mumbai,Success,None
TXN1522,CUST1626,2026-06-01,1389.74,UPI,Desktop,Delhi,Success,None
TXN0568,CUST1681,2026-06-01,741.35,Debit Card,Desktop,Pune,Success,None
TXN2453,CUST1725,2026-06-01,1337.88,UPI,Mobile,Chennai,Success,None
TXN2905,CUST1939,2026-06-01,458.82,UPI,Mobile,Mumbai,Success,None
TXN0037,CUST1747,2026-06-01,2578.25,UPI,Mobile,Chennai,Success,None
TXN2574,CUST1536,2026-06-02,639.55,Net Banking,Desktop,Pune,Success,None
TXN2020,CUST1170,2026-06-02,1685.31,UPI,Desktop,Delhi,Success,None
TXN1192,CUST1248,2026-06-02,1123.54,UPI,Mobile,Hyderabad,Success,None
TXN0775,CUST1797,2026-06-02,1079.1,UPI,Mobile,Hyderabad,Success,None
TXN2731,CUST1283,2026-06-02,1974.85,UPI,Mobile,Mumbai,Success,None
TXN2749,CUST1250,2026-06-02,1541.2,UPI,Mobile,Chennai,Success,None
TXN0915,CUST1684,2026-06-02,661.44,Credit Card,Mobile,Mumbai,Success,None
TXN0063,CUST1840,2026-06-02,2194.88,Debit Card,Desktop,Mumbai,Failed,Technical Error
TXN1060,CUST1033,2026-06-02,2131.68,Wallet,Mobile,Pune,Success,None
TXN0426,CUST1134,2026-06-02,1329.18,UPI,Tablet,Chennai,Success,None
TXN2258,CUST1825,2026-06-02,1200.97,Credit Card,Desktop,Delhi,Success,None
TXN2383,CUST1603,2026-06-02,1449.53,Debit Card,Desktop,Pune,Success,None
TXN2376,CUST1458,2026-06-02,1234.67,Credit Card,Desktop,Pune,Success,None
TXN1693,CUST1924,2026-06-02,1332.5,Credit Card,Mobile,Pune,Success,None
TXN1131,CUST1068,2026-06-02,1495.88,Credit Card,Desktop,Chennai,Failed,Insufficient Funds
TXN0392,CUST1967,2026-06-02,1220.12,UPI,Desktop,Hyderabad,Success,None
TXN1674,CUST1423,2026-06-02,1165.47,UPI,Mobile,Delhi,Failed,Network Error
TXN1664,CUST1722,2026-06-02,1014.98,UPI,Mobile,Delhi,Success,None
TXN1922,CUST1938,2026-06-03,2481.83,UPI,Mobile,Mumbai,Success,None
TXN1541,CUST1301,2026-06-03,1019.42,UPI,Mobile,Hyderabad,Success,None
TXN2214,CUST1592,2026-06-03,1841.58,Wallet,Desktop,Pune,Success,None
TXN0858,CUST1495,2026-06-03,781.06,UPI,Mobile,Mumbai,Success,None
TXN1811,CUST1358,2026-06-03,462.02,Credit Card,Mobile,Hyderabad,Success,None
TXN0619,CUST1750,2026-06-03,502.97,UPI,Desktop,Delhi,Success,None
TXN0172,CUST1546,2026-06-03,668.75,UPI,Desktop,Chennai,Success,None
TXN0684,CUST1515,2026-06-03,714.55,UPI,Desktop,Pune,Success,None
TXN1267,CUST1108,2026-06-03,487.46,UPI,Desktop,Delhi,Success,None
TXN1369,CUST1258,2026-06-03,2699.0,UPI,Mobile,Pune,Failed,Insufficient Funds
TXN0756,CUST1688,2026-06-03,617.06,UPI,Mobile,Mumbai,Success,None
TXN2267,CUST1669,2026-06-03,1121.87,Net Banking,Mobile,Pune,Success,None
TXN0951,CUST1783,2026-06-03,770.89,Debit Card,Mobile,Mumbai,Success,None
TXN0535,CUST1902,2026-06-03,2544.61,Net Banking,Desktop,Mumbai,Success,None
TXN2184,CUST1920,2026-06-03,2282.77,Net Banking,Mobile,Chennai,Success,None
TXN0032,CUST1160,2026-06-03,887.98,Net Banking,Desktop,Mumbai,Success,None
TXN1894,CUST1405,2026-06-03,621.18,Net Banking,Mobile,Chennai,Success,None
TXN1865,CUST1557,2026-06-04,1123.73,Net Banking,Mobile,Chennai,Failed,Technical Error
TXN1768,CUST1708,2026-06-04,1465.89,Net Banking,Mobile,Hyderabad,Failed,Network Error
TXN1171,CUST1465,2026-06-04,1276.9,Net Banking,Mobile,Bangalore,Success,None
TXN1380,CUST1167,2026-06-04,747.87,Credit Card,Mobile,Bangalore,Success,None
TXN0767,CUST1779,2026-06-04,611.98,UPI,Mobile,Mumbai,Success,None
TXN1268,CUST1145,2026-06-04,337.95,Credit Card,Mobile,Chennai,Success,None
TXN2266,CUST1436,2026-06-04,2305.0,UPI,Desktop,Hyderabad,Success,None
TXN2754,CUST1641,2026-06-04,1878.17,Debit Card,Desktop,Delhi,Success,None
TXN0290,CUST1996,2026-06-04,208.68,UPI,Tablet,Delhi,Success,None
TXN0505,CUST1625,2026-06-04,1237.4,Net Banking,Mobile,Mumbai,Success,None
TXN2642,CUST1334,2026-06-04,1213.74,UPI,Mobile,Pune,Success,None
TXN1995,CUST1497,2026-06-04,702.36,UPI,Mobile,Mumbai,Failed,Invalid Details
TXN2821,CUST1217,2026-06-04,1126.59,UPI,Desktop,Pune,Success,None
TXN1857,CUST1905,2026-06-04,1125.9,UPI,Mobile,Chennai,Success,None
TXN1563,CUST1105,2026-06-04,1003.96,Debit Card,Mobile,Pune,Success,None
TXN1846,CUST1026,2026-06-05,3259.78,UPI,Mobile,Delhi,Success,None
TXN0876,CUST1181,2026-06-05,896.17,UPI,Desktop,Chennai,Failed,Bank Declined
TXN0266,CUST1232,2026-06-05,1041.01,UPI,Desktop,Bangalore,Success,None
TXN0846,CUST1169,2026-06-05,2121.29,Credit Card,Tablet,Hyderabad,Success,None
TXN1940,CUST1043,2026-06-05,262.24,Credit Card,Mobile,Hyderabad,Failed,Technical Error
TXN2637,CUST1116,2026-06-05,2936.76,UPI,Mobile,Mumbai,Success,None
TXN1680,CUST1174,2026-06-05,638.16,UPI,Tablet,Chennai,Failed,Insufficient Funds
TXN2259,CUST1760,2026-06-05,1928.42,UPI,Desktop,Bangalore,Success,None
TXN1556,CUST1355,2026-06-05,2088.95,Debit Card,Mobile,Mumbai,Success,None
TXN1793,CUST1592,2026-06-05,1417.95,UPI,Mobile,Chennai,Success,None
TXN2127,CUST1884,2026-06-05,744.13,Wallet,Desktop,Hyderabad,Failed,Network Error
TXN1229,CUST1882,2026-06-05,1159.39,Credit Card,Mobile,Pune,Success,None
TXN1519,CUST1129,2026-06-05,2405.57,UPI,Mobile,Pune,Success,None
TXN2966,CUST1333,2026-06-05,1315.5,Net Banking,Mobile,Pune,Success,None
TXN2504,CUST1224,2026-06-05,578.97,Credit Card,Mobile,Chennai,Success,None
TXN1148,CUST1094,2026-06-05,1427.91,UPI,Mobile,Chennai,Success,None
TXN1748,CUST1822,2026-06-05,686.18,UPI,Mobile,Chennai,Success,None
TXN2792,CUST1918,2026-06-05,2760.13,Net Banking,Mobile,Pune,Success,None
TXN1716,CUST1834,2026-06-05,689.5,Credit Card,Mobile,Delhi,Success,None
TXN1211,CUST1691,2026-06-05,578.25,Credit Card,Desktop,Hyderabad,Success,None
TXN2452,CUST1830,2026-06-05,552.07,Credit Card,Tablet,Bangalore,Success,None
TXN0905,CUST1507,2026-06-05,520.79,Net Banking,Mobile,Chennai,Success,None
TXN2165,CUST1997,2026-06-05,971.43,Credit Card,Desktop,Hyderabad,Success,None
TXN2187,CUST1169,2026-06-06,1546.49,Debit Card,Desktop,Mumbai,Success,None
TXN2475,CUST1300,2026-06-06,355.43,Debit Card,Desktop,Pune,Success,None
TXN0322,CUST1608,2026-06-06,949.16,Credit Card,Mobile,Hyderabad,Success,None
TXN1578,CUST1612,2026-06-06,877.06,Net Banking,Desktop,Chennai,Failed,Technical Error
TXN2844,CUST1653,2026-06-06,1120.33,Credit Card,Mobile,Chennai,Success,None
TXN0480,CUST1301,2026-06-06,2224.5,UPI,Desktop,Hyderabad,Success,None
TXN1238,CUST1273,2026-06-06,1468.76,Credit Card,Desktop,Delhi,Success,None
TXN2079,CUST1688,2026-06-06,771.64,Debit Card,Mobile,Mumbai,Success,None
TXN2516,CUST1165,2026-06-06,1129.17,Net Banking,Mobile,Bangalore,Success,None
TXN2677,CUST1552,2026-06-06,838.61,UPI,Mobile,Pune,Failed,Invalid Details
TXN2159,CUST1061,2026-06-06,551.82,Credit Card,Desktop,Bangalore,Success,None
TXN2463,CUST1071,2026-06-06,914.04,Debit Card,Mobile,Bangalore,Success,None
TXN1040,CUST1564,2026-06-06,1694.37,UPI,Mobile,Chennai,Success,None
TXN2211,CUST1795,2026-06-06,939.04,Debit Card,Mobile,Bangalore,Success,None
TXN2361,CUST1396,2026-06-06,1820.83,Wallet,Mobile,Mumbai,Success,None
TXN1714,CUST1312,2026-06-06,2479.29,Debit Card,Desktop,Hyderabad,Success,None
TXN1713,CUST1832,2026-06-06,800.98,Credit Card,Mobile,Mumbai,Success,None
TXN2593,CUST1913,2026-06-06,672.95,UPI,Mobile,Pune,Success,None
TXN1555,CUST1459,2026-06-06,547.9,Debit Card,Desktop,Bangalore,Success,None
TXN2412,CUST1207,2026-06-07,649.14,UPI,Mobile,Chennai,Success,None
TXN1458,CUST1961,2026-06-07,1867.11,Credit Card,Mobile,Chennai,Success,None
TXN0432,CUST1459,2026-06-07,349.74,Credit Card,Mobile,Bangalore,Success,None
TXN0190,CUST1857,2026-06-07,2698.95,Net Banking,Mobile,Bangalore,Success,None
TXN2811,CUST1351,2026-06-07,669.39,Credit Card,Mobile,Pune,Success,None
TXN2704,CUST1300,2026-06-07,653.54,Credit Card,Mobile,Delhi,Success,None
TXN0558,CUST1697,2026-06-07,3198.73,UPI,Desktop,Chennai,Success,None
TXN2227,CUST1039,2026-06-07,675.19,UPI,Desktop,Hyderabad,Success,None
TXN0189,CUST1014,2026-06-07,2465.48,UPI,Desktop,Chennai,Success,None
TXN1497,CUST1634,2026-06-07,1173.41,Credit Card,Desktop,Bangalore,Success,None
TXN0649,CUST1219,2026-06-07,1226.36,Credit Card,Desktop,Mumbai,Success,None
TXN0842,CUST1518,2026-06-07,1280.54,Net Banking,Desktop,Delhi,Success,None
TXN1135,CUST1449,2026-06-07,1100.17,Credit Card,Desktop,Chennai,Success,None
TXN0653,CUST1749,2026-06-07,233.45,UPI,Mobile,Hyderabad,Success,None
TXN2564,CUST1808,2026-06-07,1660.27,UPI,Tablet,Hyderabad,Success,None
TXN1003,CUST1118,2026-06-07,2213.58,UPI,Mobile,Pune,Success,None
TXN2196,CUST1983,2026-06-07,354.46,Debit Card,Mobile,Pune,Success,None
TXN2434,CUST1377,2026-06-07,255.76,UPI,Desktop,Mumbai,Success,None
TXN0130,CUST1156,2026-06-07,1503.36,Debit Card,Mobile,Bangalore,Success,None
TXN1260,CUST1524,2026-06-07,4825.76,UPI,Mobile,Bangalore,Success,None
TXN1484,CUST1549,2026-06-08,1016.79,Debit Card,Desktop,Hyderabad,Success,None
TXN0371,CUST1253,2026-06-08,3011.83,Debit Card,Mobile,Bangalore,Success,None
TXN1531,CUST1010,2026-06-08,2782.95,Credit Card,Desktop,Hyderabad,Success,None
TXN2709,CUST1009,2026-06-08,302.6,UPI,Mobile,Bangalore,Success,None
TXN1756,CUST1084,2026-06-08,1466.58,Credit Card,Mobile,Delhi,Success,None
TXN0259,CUST1663,2026-06-08,965.17,Credit Card,Tablet,Delhi,Success,None
TXN0574,CUST1992,2026-06-08,3724.61,UPI,Desktop,Chennai,Success,None
TXN2570,CUST1011,2026-06-08,899.1,Credit Card,Mobile,Mumbai,Success,None
TXN0561,CUST1124,2026-06-08,930.73,UPI,Mobile,Mumbai,Success,None
TXN1868,CUST1821,2026-06-09,3334.09,Credit Card,Mobile,Delhi,Success,None
TXN2714,CUST1969,2026-06-09,919.19,UPI,Tablet,Mumbai,Success,None
TXN2244,CUST1362,2026-06-09,1128.66,UPI,Desktop,Chennai,Success,None
TXN0102,CUST1161,2026-06-09,300.23,UPI,Mobile,Pune,Success,None
TXN0822,CUST1934,2026-06-09,1366.89,UPI,Mobile,Chennai,Success,None
TXN0244,CUST1627,2026-06-09,865.28,Debit Card,Mobile,Pune,Failed,Network Error
TXN2857,CUST1160,2026-06-09,266.78,Credit Card,Desktop,Chennai,Success,None
TXN0678,CUST1761,2026-06-09,3808.76,Net Banking,Mobile,Chennai,Success,None
TXN1313,CUST1758,2026-06-09,432.49,Wallet,Desktop,Chennai,Failed,Bank Declined
TXN1220,CUST1982,2026-06-09,1019.07,UPI,Mobile,Delhi,Success,None
TXN0058,CUST1130,2026-06-09,2447.48,UPI,Mobile,Bangalore,Success,None
TXN2419,CUST1604,2026-06-09,850.69,Wallet,Mobile,Hyderabad,Success,None
TXN2962,CUST1140,2026-06-09,1755.95,Net Banking,Mobile,Pune,Failed,Bank Declined
TXN0310,CUST1766,2026-06-09,403.55,UPI,Desktop,Delhi,Success,None
TXN0414,CUST1680,2026-06-09,888.63,Credit Card,Mobile,Bangalore,Success,None
TXN0353,CUST1952,2026-06-09,1826.65,UPI,Mobile,Pune,Failed,Bank Declined
TXN2498,CUST1713,2026-06-09,1077.74,UPI,Desktop,Hyderabad,Success,None
TXN2436,CUST1915,2026-06-09,515.08,UPI,Mobile,Pune,Success,None
TXN1706,CUST1054,2026-06-09,2000.36,Debit Card,Desktop,Mumbai,Success,None
TXN1515,CUST1046,2026-06-09,825.2,Net Banking,Mobile,Bangalore,Success,None
TXN1126,CUST1329,2026-06-10,1563.71,UPI,Mobile,Hyderabad,Success,None
TXN1588,CUST1949,2026-06-10,2197.45,UPI,Tablet,Mumbai,Success,None
TXN0705,CUST1426,2026-06-10,2636.38,Wallet,Mobile,Delhi,Success,None
TXN1787,CUST1866,2026-06-10,931.26,Credit Card,Mobile,Delhi,Success,None
TXN1765,CUST1513,2026-06-10,1754.94,UPI,Mobile,Hyderabad,Success,None
TXN2294,CUST1325,2026-06-10,1477.74,UPI,Mobile,Delhi,Success,None
TXN2655,CUST1236,2026-06-10,467.11,Credit Card,Desktop,Delhi,Success,None
TXN0589,CUST1822,2026-06-10,763.54,Credit Card,Desktop,Mumbai,Failed,Network Error
TXN1225,CUST1665,2026-06-10,850.15,UPI,Mobile,Delhi,Success,None
TXN0157,CUST1839,2026-06-10,629.83,Debit Card,Desktop,Delhi,Success,None
TXN1015,CUST1216,2026-06-10,1690.33,UPI,Tablet,Chennai,Success,None
TXN1143,CUST1110,2026-06-10,1119.32,Credit Card,Mobile,Pune,Success,None
TXN0818,CUST1108,2026-06-10,5466.19,Debit Card,Mobile,Pune,Success,None
TXN1377,CUST1171,2026-06-10,1406.42,Credit Card,Mobile,Delhi,Success,None
TXN0877,CUST1166,2026-06-10,1008.32,Net Banking,Mobile,Bangalore,Success,None
TXN1579,CUST1404,2026-06-10,449.62,Credit Card,Mobile,Delhi,Success,None
TXN0981,CUST1731,2026-06-10,550.25,Credit Card,Mobile,Mumbai,Success,None
TXN0673,CUST1099,2026-06-10,2548.53,Net Banking,Mobile,Chennai,Success,None
TXN0050,CUST1686,2026-06-10,1207.72,Net Banking,Desktop,Chennai,Success,None
TXN2782,CUST1216,2026-06-10,1014.64,UPI,Mobile,Mumbai,Success,None
TXN1564,CUST1603,2026-06-11,2158.39,UPI,Mobile,Mumbai,Success,None
TXN2468,CUST1337,2026-06-11,799.6,Debit Card,Desktop,Hyderabad,Success,None
TXN1626,CUST1024,2026-06-11,1759.63,Wallet,Desktop,Delhi,Success,None
TXN2043,CUST1310,2026-06-11,917.9,Wallet,Mobile,Bangalore,Success,None
TXN2011,CUST1158,2026-06-11,6741.36,UPI,Mobile,Hyderabad,Success,None
TXN1250,CUST1038,2026-06-11,511.55,Credit Card,Mobile,Mumbai,Success,None
TXN1477,CUST1668,2026-06-11,276.95,Wallet,Mobile,Mumbai,Success,None
TXN0252,CUST1648,2026-06-11,768.86,Credit Card,Mobile,Delhi,Success,None
TXN2442,CUST1454,2026-06-11,759.76,Debit Card,Mobile,Chennai,Failed,Network Error
TXN0857,CUST1647,2026-06-11,1567.38,UPI,Desktop,Mumbai,Success,None
TXN2076,CUST1388,2026-06-11,2033.43,Wallet,Desktop,Chennai,Success,None
TXN1052,CUST1684,2026-06-11,3411.33,Net Banking,Desktop,Hyderabad,Success,None
TXN1689,CUST1830,2026-06-11,560.44,Credit Card,Desktop,Mumbai,Failed,Bank Declined
TXN1824,CUST1804,2026-06-11,2419.11,Credit Card,Mobile,Hyderabad,Success,None
TXN0557,CUST1664,2026-06-11,452.47,Debit Card,Mobile,Chennai,Success,None
TXN1303,CUST1515,2026-06-11,563.47,Debit Card,Mobile,Hyderabad,Success,None
TXN0844,CUST1652,2026-06-11,456.09,Debit Card,Desktop,Bangalore,Failed,Technical Error
TXN0902,CUST1189,2026-06-11,763.57,UPI,Tablet,Pune,Success,None
TXN0519,CUST1392,2026-06-11,2201.98,Debit Card,Desktop,Pune,Success,None
TXN2696,CUST1162,2026-06-12,1827.43,UPI,Tablet,Delhi,Success,None
TXN1876,CUST1028,2026-06-12,1618.89,Wallet,Mobile,Mumbai,Success,None
TXN0175,CUST1612,2026-06-12,1243.74,UPI,Mobile,Pune,Success,None
TXN0200,CUST1095,2026-06-12,363.78,UPI,Mobile,Hyderabad,Success,None
TXN1663,CUST1951,2026-06-12,2166.42,UPI,Mobile,Hyderabad,Success,None
TXN1390,CUST1910,2026-06-12,1260.36,Net Banking,Mobile,Mumbai,Success,None
TXN1184,CUST1545,2026-06-12,1073.54,Debit Card,Mobile,Bangalore,Success,None
TXN0878,CUST1090,2026-06-12,1841.41,Debit Card,Mobile,Mumbai,Success,None
TXN2666,CUST1477,2026-06-12,818.67,Debit Card,Desktop,Hyderabad,Success,None
TXN1240,CUST1805,2026-06-12,970.77,UPI,Mobile,Bangalore,Success,None
TXN2255,CUST1132,2026-06-12,448.79,UPI,Desktop,Chennai,Success,None
TXN2825,CUST1113,2026-06-12,2694.12,Debit Card,Mobile,Chennai,Success,None
TXN1426,CUST1724,2026-06-12,1769.2,Credit Card,Mobile,Pune,Success,None
TXN0057,CUST1504,2026-06-12,482.71,Credit Card,Mobile,Chennai,Success,None
TXN0656,CUST1203,2026-06-12,1101.41,UPI,Mobile,Bangalore,Failed,Network Error
TXN0898,CUST1000,2026-06-12,351.45,UPI,Mobile,Pune,Success,None
TXN0204,CUST1406,2026-06-12,2982.81,Net Banking,Desktop,Delhi,Success,None
TXN0634,CUST1446,2026-06-12,437.67,UPI,Mobile,Hyderabad,Success,None
TXN2071,CUST1265,2026-06-12,2009.56,UPI,Mobile,Mumbai,Success,None
TXN2881,CUST1850,2026-06-13,1631.48,Wallet,Desktop,Pune,Success,None
TXN0976,CUST1144,2026-06-13,866.07,Net Banking,Mobile,Delhi,Success,None
TXN2334,CUST1715,2026-06-13,271.36,UPI,Mobile,Pune,Success,None
TXN0087,CUST1931,2026-06-13,1710.96,Wallet,Mobile,Mumbai,Success,None
TXN0045,CUST1699,2026-06-13,1844.57,Debit Card,Mobile,Delhi,Success,None
TXN0796,CUST1717,2026-06-13,1391.95,UPI,Mobile,Pune,Success,None
TXN0211,CUST1524,2026-06-13,889.79,Wallet,Mobile,Chennai,Success,None
TXN0511,CUST1638,2026-06-13,611.94,UPI,Desktop,Hyderabad,Success,None
TXN1985,CUST1249,2026-06-13,621.01,Credit Card,Mobile,Pune,Success,None
TXN1145,CUST1662,2026-06-13,1018.12,Net Banking,Mobile,Mumbai,Success,None
TXN2240,CUST1570,2026-06-13,1280.55,UPI,Desktop,Mumbai,Success,None
TXN1449,CUST1864,2026-06-13,1177.54,UPI,Mobile,Chennai,Success,None
TXN0407,CUST1877,2026-06-13,3211.86,UPI,Mobile,Bangalore,Success,None
TXN2441,CUST1205,2026-06-13,2403.29,Net Banking,Mobile,Delhi,Success,None
TXN1200,CUST1830,2026-06-13,540.69,Credit Card,Mobile,Bangalore,Success,None
TXN2575,CUST1300,2026-06-13,703.49,Wallet,Desktop,Delhi,Success,None
TXN0311,CUST1293,2026-06-13,1868.54,Net Banking,Mobile,Chennai,Success,None
TXN2236,CUST1167,2026-06-13,1164.18,Debit Card,Mobile,Pune,Failed,Technical Error
TXN1950,CUST1011,2026-06-13,866.59,UPI,Mobile,Pune,Success,None
TXN0282,CUST1080,2026-06-13,715.5,UPI,Mobile,Bangalore,Success,None
TXN1346,CUST1644,2026-06-13,1154.88,UPI,Mobile,Chennai,Success,None
TXN2305,CUST1334,2026-06-13,1254.06,UPI,Desktop,Chennai,Success,None
TXN1842,CUST1628,2026-06-14,2618.4,Net Banking,Desktop,Mumbai,Success,None
TXN0474,CUST1891,2026-06-14,575.84,Debit Card,Mobile,Hyderabad,Success,None
TXN1944,CUST1016,2026-06-14,621.61,Credit Card,Desktop,Delhi,Success,None
TXN0623,CUST1117,2026-06-14,1184.73,UPI,Desktop,Mumbai,Failed,Bank Declined
TXN1576,CUST1768,2026-06-14,265.99,UPI,Tablet,Hyderabad,Success,None
TXN2416,CUST1429,2026-06-14,2486.39,Debit Card,Mobile,Delhi,Success,None
TXN1690,CUST1643,2026-06-14,2020.38,Credit Card,Mobile,Delhi,Success,None
TXN1339,CUST1846,2026-06-14,683.3,Debit Card,Mobile,Chennai,Success,None
TXN1230,CUST1006,2026-06-14,1147.96,UPI,Mobile,Bangalore,Success,None
TXN2659,CUST1910,2026-06-14,3864.07,Credit Card,Mobile,Bangalore,Success,None
TXN1232,CUST1622,2026-06-14,600.97,UPI,Desktop,Mumbai,Success,None
TXN1300,CUST1581,2026-06-14,1186.34,UPI,Mobile,Bangalore,Success,None
TXN1655,CUST1326,2026-06-14,492.51,Debit Card,Mobile,Hyderabad,Success,None
TXN0696,CUST1663,2026-06-14,1050.17,UPI,Desktop,Pune,Success,None
TXN0689,CUST1257,2026-06-14,1095.3,UPI,Mobile,Chennai,Failed,Network Error
TXN0284,CUST1112,2026-06-15,637.45,Credit Card,Mobile,Bangalore,Success,None
TXN2790,CUST1426,2026-06-15,1603.61,UPI,Mobile,Chennai,Failed,Technical Error
TXN2182,CUST1648,2026-06-15,339.32,Debit Card,Desktop,Hyderabad,Success,None
TXN2963,CUST1469,2026-06-15,634.79,UPI,Mobile,Bangalore,Success,None
TXN2633,CUST1607,2026-06-15,1587.86,Credit Card,Mobile,Chennai,Failed,Bank Declined
TXN2708,CUST1394,2026-06-15,1134.8,Wallet,Desktop,Chennai,Success,None
TXN2355,CUST1429,2026-06-15,2208.55,Wallet,Desktop,Chennai,Success,None
TXN1175,CUST1533,2026-06-15,520.63,UPI,Mobile,Chennai,Success,None
TXN1767,CUST1814,2026-06-15,424.44,Net Banking,Mobile,Delhi,Success,None
TXN2248,CUST1169,2026-06-15,1246.1,Credit Card,Mobile,Hyderabad,Success,None
TXN1058,CUST1487,2026-06-15,179.13,UPI,Mobile,Chennai,Success,None
TXN2970,CUST1563,2026-06-15,332.31,Debit Card,Mobile,Chennai,Success,None
TXN0323,CUST1200,2026-06-15,1675.15,Credit Card,Mobile,Hyderabad,Success,None
TXN1975,CUST1046,2026-06-15,611.37,Credit Card,Mobile,Hyderabad,Success,None
TXN2890,CUST1654,2026-06-15,838.98,Wallet,Mobile,Hyderabad,Success,None
TXN2748,CUST1619,2026-06-15,1773.68,Credit Card,Mobile,Chennai,Success,None
TXN0185,CUST1870,2026-06-15,791.83,Debit Card,Desktop,Delhi,Success,None
TXN0973,CUST1922,2026-06-15,804.19,Debit Card,Mobile,Delhi,Success,None
TXN1620,CUST1954,2026-06-15,1087.67,Wallet,Desktop,Hyderabad,Success,None
TXN0083,CUST1942,2026-06-16,2009.5,Wallet,Mobile,Mumbai,Success,None
TXN0074,CUST1897,2026-06-16,1351.37,UPI,Mobile,Mumbai,Success,None
TXN2929,CUST1011,2026-06-16,408.48,Debit Card,Mobile,Chennai,Success,None
TXN0041,CUST1058,2026-06-16,1376.79,UPI,Desktop,Mumbai,Success,None
TXN2140,CUST1887,2026-06-16,1334.98,Debit Card,Desktop,Pune,Success,None
TXN0907,CUST1408,2026-06-16,1293.07,Credit Card,Mobile,Pune,Success,None
TXN0781,CUST1728,2026-06-16,842.07,UPI,Desktop,Bangalore,Success,None
TXN2039,CUST1425,2026-06-16,539.63,UPI,Desktop,Delhi,Success,None
TXN0741,CUST1492,2026-06-16,496.28,Credit Card,Desktop,Mumbai,Success,None
TXN0720,CUST1897,2026-06-16,1261.44,Debit Card,Mobile,Pune,Success,None
TXN1107,CUST1446,2026-06-16,6244.64,Debit Card,Desktop,Pune,Success,None
TXN1227,CUST1698,2026-06-16,1052.44,UPI,Desktop,Chennai,Success,None
TXN2445,CUST1235,2026-06-16,678.0,UPI,Mobile,Mumbai,Success,None
TXN0303,CUST1246,2026-06-16,1583.88,UPI,Mobile,Bangalore,Success,None
TXN1156,CUST1695,2026-06-16,1118.96,UPI,Desktop,Pune,Success,None
TXN2034,CUST1396,2026-06-16,815.74,UPI,Mobile,Pune,Success,None
TXN0977,CUST1200,2026-06-17,634.66,Wallet,Mobile,Chennai,Failed,Network Error
TXN2923,CUST1453,2026-06-17,834.27,Credit Card,Mobile,Bangalore,Success,None
TXN2333,CUST1284,2026-06-17,3254.07,UPI,Desktop,Pune,Success,None
TXN0904,CUST1190,2026-06-17,2255.03,UPI,Mobile,Mumbai,Failed,Bank Declined
TXN2903,CUST1496,2026-06-17,1545.54,UPI,Mobile,Bangalore,Success,None
TXN0745,CUST1419,2026-06-17,623.46,Debit Card,Mobile,Hyderabad,Success,None
TXN0948,CUST1011,2026-06-17,474.88,UPI,Tablet,Mumbai,Success,None
TXN0769,CUST1694,2026-06-17,1183.92,UPI,Mobile,Pune,Success,None
TXN1024,CUST1098,2026-06-17,1021.26,Credit Card,Desktop,Delhi,Success,None
TXN2461,CUST1716,2026-06-17,4167.65,Wallet,Mobile,Hyderabad,Success,None
TXN2276,CUST1523,2026-06-17,1087.15,Credit Card,Tablet,Mumbai,Success,None
TXN2804,CUST1891,2026-06-17,352.94,Debit Card,Mobile,Chennai,Success,None
TXN2084,CUST1669,2026-06-17,2051.39,UPI,Desktop,Pune,Success,None
TXN1149,CUST1970,2026-06-17,1022.52,UPI,Mobile,Bangalore,Failed,Network Error
TXN0424,CUST1895,2026-06-17,710.98,Net Banking,Mobile,Chennai,Success,None
TXN1474,CUST1499,2026-06-17,2140.35,UPI,Mobile,Pune,Success,None
TXN1119,CUST1080,2026-06-17,920.99,Debit Card,Mobile,Bangalore,Success,None
TXN1072,CUST1305,2026-06-17,1738.67,UPI,Mobile,Delhi,Success,None
TXN1972,CUST1488,2026-06-17,3111.51,UPI,Desktop,Bangalore,Success,None
TXN0401,CUST1472,2026-06-18,2478.78,Debit Card,Mobile,Pune,Success,None
TXN0704,CUST1690,2026-06-18,1248.09,UPI,Desktop,Pune,Success,None
TXN2044,CUST1738,2026-06-18,557.4,Wallet,Mobile,Mumbai,Success,None
TXN2167,CUST1119,2026-06-18,1141.37,Debit Card,Desktop,Chennai,Success,None
TXN2169,CUST1088,2026-06-18,743.37,UPI,Mobile,Delhi,Success,None
TXN2406,CUST1792,2026-06-18,770.91,Debit Card,Mobile,Bangalore,Success,None
TXN2512,CUST1665,2026-06-18,278.46,UPI,Desktop,Pune,Success,None
TXN1986,CUST1390,2026-06-18,897.06,UPI,Tablet,Chennai,Success,None
TXN2519,CUST1685,2026-06-18,200.96,UPI,Desktop,Chennai,Success,None
TXN0719,CUST1301,2026-06-18,660.13,Debit Card,Tablet,Bangalore,Success,None
TXN1965,CUST1536,2026-06-18,331.79,UPI,Mobile,Chennai,Success,None
TXN1908,CUST1506,2026-06-18,1320.58,Debit Card,Mobile,Hyderabad,Success,None
TXN1420,CUST1872,2026-06-18,3198.74,UPI,Desktop,Bangalore,Failed,Insufficient Funds
TXN0221,CUST1573,2026-06-18,5682.49,UPI,Tablet,Delhi,Success,None
TXN1182,CUST1345,2026-06-18,488.62,Credit Card,Mobile,Bangalore,Success,None
TXN0094,CUST1105,2026-06-18,2093.89,UPI,Mobile,Chennai,Success,None
TXN2762,CUST1118,2026-06-18,526.49,Debit Card,Mobile,Pune,Success,None
TXN1549,CUST1984,2026-06-18,1045.55,Credit Card,Mobile,Bangalore,Success,None
TXN0996,CUST1009,2026-06-18,911.57,Debit Card,Desktop,Mumbai,Success,None
TXN1362,CUST1549,2026-06-18,867.16,Credit Card,Desktop,Delhi,Success,None
TXN0333,CUST1931,2026-06-18,2443.59,Debit Card,Mobile,Chennai,Success,None
TXN1795,CUST1157,2026-06-18,5171.31,Net Banking,Desktop,Hyderabad,Success,None
TXN0075,CUST1339,2026-06-18,1055.07,Net Banking,Mobile,Pune,Success,None
TXN0507,CUST1942,2026-06-18,6070.57,UPI,Desktop,Hyderabad,Success,None
TXN2987,CUST1089,2026-06-18,1743.31,UPI,Desktop,Pune,Success,None
TXN2274,CUST1588,2026-06-19,867.95,UPI,Mobile,Hyderabad,Success,None
TXN2996,CUST1908,2026-06-19,1466.79,Credit Card,Desktop,Hyderabad,Success,None
TXN1282,CUST1612,2026-06-19,164.14,UPI,Mobile,Delhi,Success,None
TXN1278,CUST1747,2026-06-19,1174.91,Wallet,Mobile,Mumbai,Success,None
TXN0028,CUST1385,2026-06-19,766.24,Credit Card,Desktop,Pune,Failed,Invalid Details
TXN0683,CUST1324,2026-06-19,829.9,Credit Card,Mobile,Delhi,Success,None
TXN0959,CUST1121,2026-06-19,2752.72,UPI,Desktop,Bangalore,Success,None
TXN1687,CUST1677,2026-06-19,1290.79,Debit Card,Mobile,Chennai,Success,None
TXN2009,CUST1272,2026-06-19,1131.42,UPI,Mobile,Chennai,Success,None
TXN1849,CUST1645,2026-06-19,1630.13,Credit Card,Mobile,Mumbai,Success,None
TXN0616,CUST1057,2026-06-19,539.91,UPI,Desktop,Bangalore,Success,None
TXN1847,CUST1824,2026-06-19,1545.43,UPI,Mobile,Delhi,Success,None
TXN0001,CUST1102,2026-06-19,993.01,Credit Card,Mobile,Delhi,Success,None
TXN2747,CUST1901,2026-06-19,399.22,Credit Card,Desktop,Hyderabad,Success,None
TXN2604,CUST1754,2026-06-19,782.43,Net Banking,Mobile,Bangalore,Success,None
TXN2602,CUST1923,2026-06-19,2435.68,Debit Card,Mobile,Pune,Success,None
TXN2437,CUST1557,2026-06-19,1331.28,UPI,Mobile,Hyderabad,Success,None
TXN2409,CUST1785,2026-06-19,1683.1,Net Banking,Mobile,Pune,Success,None
TXN0473,CUST1098,2026-06-20,1667.56,Net Banking,Mobile,Hyderabad,Success,None
TXN2727,CUST1312,2026-06-20,1101.99,UPI,Desktop,Pune,Success,None
TXN1241,CUST1738,2026-06-20,579.44,Credit Card,Desktop,Mumbai,Success,None
TXN1412,CUST1295,2026-06-20,727.45,Wallet,Mobile,Bangalore,Success,None
TXN1673,CUST1143,2026-06-20,1198.67,Net Banking,Mobile,Pune,Success,None
TXN0177,CUST1461,2026-06-20,942.45,UPI,Mobile,Mumbai,Success,None
TXN1832,CUST1040,2026-06-20,1325.55,Debit Card,Desktop,Bangalore,Success,None
TXN1848,CUST1286,2026-06-20,1608.99,UPI,Desktop,Pune,Failed,Bank Declined
TXN0787,CUST1611,2026-06-20,495.68,UPI,Mobile,Chennai,Success,None
TXN2493,CUST1309,2026-06-20,919.31,Wallet,Mobile,Mumbai,Success,None
TXN2185,CUST1737,2026-06-20,1107.42,Credit Card,Desktop,Delhi,Success,None
TXN2730,CUST1979,2026-06-20,449.41,UPI,Mobile,Mumbai,Success,None
TXN0354,CUST1472,2026-06-21,530.55,UPI,Mobile,Chennai,Success,None
TXN2759,CUST1281,2026-06-21,1997.99,Credit Card,Mobile,Hyderabad,Success,None
TXN0866,CUST1216,2026-06-21,340.16,UPI,Mobile,Mumbai,Success,None
TXN1785,CUST1052,2026-06-21,3729.4,Debit Card,Mobile,Hyderabad,Success,None
TXN0009,CUST1614,2026-06-21,1044.5,Credit Card,Mobile,Mumbai,Success,None
TXN2907,CUST1985,2026-06-21,223.93,Net Banking,Tablet,Hyderabad,Success,None
TXN2098,CUST1343,2026-06-21,2539.03,UPI,Mobile,Bangalore,Success,None
TXN1719,CUST1442,2026-06-21,477.8,UPI,Tablet,Chennai,Success,None
TXN2939,CUST1943,2026-06-21,7872.97,Net Banking,Mobile,Bangalore,Success,None
TXN0114,CUST1701,2026-06-21,1933.18,Debit Card,Mobile,Pune,Failed,Insufficient Funds
TXN0433,CUST1954,2026-06-21,2550.82,Credit Card,Mobile,Chennai,Success,None
TXN1552,CUST1615,2026-06-21,867.34,Credit Card,Mobile,Chennai,Failed,Network Error
TXN1635,CUST1062,2026-06-21,532.99,UPI,Mobile,Hyderabad,Success,None
TXN0100,CUST1729,2026-06-21,3636.83,Credit Card,Desktop,Hyderabad,Success,None
TXN1014,CUST1062,2026-06-21,997.1,Credit Card,Mobile,Delhi,Success,None
TXN1212,CUST1718,2026-06-21,732.77,UPI,Mobile,Pune,Success,None
TXN1565,CUST1798,2026-06-21,625.24,Wallet,Mobile,Mumbai,Success,None
TXN0187,CUST1392,2026-06-22,518.79,UPI,Desktop,Pune,Success,None
TXN1465,CUST1946,2026-06-22,2341.96,Debit Card,Mobile,Bangalore,Success,None
TXN0011,CUST1466,2026-06-22,3339.96,UPI,Mobile,Chennai,Success,None
TXN0231,CUST1330,2026-06-22,2814.86,Net Banking,Mobile,Bangalore,Success,None
TXN1884,CUST1186,2026-06-22,1432.95,UPI,Mobile,Pune,Success,None
TXN1862,CUST1475,2026-06-22,4810.93,Net Banking,Mobile,Bangalore,Success,None
TXN1395,CUST1094,2026-06-22,225.22,UPI,Mobile,Delhi,Failed,Insufficient Funds
TXN2520,CUST1121,2026-06-22,443.06,UPI,Mobile,Hyderabad,Success,None
TXN1355,CUST1112,2026-06-22,864.83,UPI,Mobile,Pune,Success,None
TXN0351,CUST1778,2026-06-22,2085.11,UPI,Mobile,Bangalore,Success,None
TXN2636,CUST1249,2026-06-22,2158.33,Credit Card,Desktop,Mumbai,Success,None
TXN0544,CUST1653,2026-06-22,620.5,UPI,Mobile,Bangalore,Success,None
TXN1049,CUST1877,2026-06-22,495.3,UPI,Mobile,Pune,Success,None
TXN1625,CUST1663,2026-06-22,461.48,Credit Card,Tablet,Bangalore,Success,None
TXN0578,CUST1619,2026-06-22,1562.01,Debit Card,Mobile,Mumbai,Success,None
TXN0962,CUST1089,2026-06-22,390.24,UPI,Mobile,Chennai,Success,None
TXN0309,CUST1400,2026-06-22,789.66,UPI,Desktop,Mumbai,Success,None
TXN2541,CUST1715,2026-06-22,1115.84,Credit Card,Mobile,Pune,Success,None
TXN1202,CUST1572,2026-06-22,2976.83,UPI,Mobile,Bangalore,Success,None
TXN2580,CUST1749,2026-06-22,831.02,UPI,Tablet,Hyderabad,Success,None
TXN0541,CUST1775,2026-06-23,668.67,Credit Card,Mobile,Bangalore,Success,None
TXN1133,CUST1773,2026-06-23,1612.52,Debit Card,Mobile,Chennai,Success,None
TXN1757,CUST1146,2026-06-23,483.06,UPI,Mobile,Delhi,Success,None
TXN1455,CUST1144,2026-06-23,328.71,UPI,Mobile,Mumbai,Success,None
TXN2525,CUST1427,2026-06-23,2322.44,UPI,Mobile,Mumbai,Success,None
TXN2776,CUST1241,2026-06-23,1449.05,UPI,Mobile,Mumbai,Success,None
TXN2308,CUST1988,2026-06-23,481.22,UPI,Mobile,Hyderabad,Failed,Insufficient Funds
TXN1027,CUST1404,2026-06-23,1787.95,Debit Card,Desktop,Hyderabad,Success,None
TXN0641,CUST1153,2026-06-23,721.84,UPI,Desktop,Mumbai,Success,None
TXN0436,CUST1374,2026-06-23,829.34,UPI,Desktop,Delhi,Success,None
TXN2816,CUST1174,2026-06-23,801.78,Net Banking,Tablet,Chennai,Success,None
TXN1269,CUST1110,2026-06-23,1192.39,Debit Card,Mobile,Hyderabad,Success,None
TXN1317,CUST1039,2026-06-23,555.29,Credit Card,Mobile,Hyderabad,Success,None
TXN1386,CUST1328,2026-06-24,1659.03,UPI,Mobile,Delhi,Success,None
TXN1751,CUST1006,2026-06-24,456.04,UPI,Tablet,Bangalore,Success,None
TXN2774,CUST1275,2026-06-24,457.12,Debit Card,Tablet,Mumbai,Success,None
TXN2457,CUST1343,2026-06-24,383.63,Credit Card,Mobile,Hyderabad,Success,None
TXN0883,CUST1125,2026-06-24,3037.85,UPI,Mobile,Hyderabad,Success,None
TXN0445,CUST1775,2026-06-24,1847.38,UPI,Desktop,Delhi,Success,None
TXN1688,CUST1946,2026-06-24,1816.27,Wallet,Mobile,Mumbai,Success,None
TXN0869,CUST1803,2026-06-24,934.64,Debit Card,Mobile,Mumbai,Success,None
TXN2057,CUST1038,2026-06-24,585.64,UPI,Mobile,Hyderabad,Success,None
TXN1293,CUST1740,2026-06-24,235.31,Net Banking,Mobile,Pune,Success,None
TXN2462,CUST1720,2026-06-24,401.31,UPI,Mobile,Chennai,Success,None
TXN1407,CUST1929,2026-06-24,364.52,UPI,Mobile,Chennai,Success,None
TXN1682,CUST1501,2026-06-24,1012.01,UPI,Mobile,Pune,Success,None
TXN0970,CUST1040,2026-06-24,2763.16,Wallet,Desktop,Delhi,Success,None
TXN1138,CUST1746,2026-06-24,601.14,UPI,Mobile,Delhi,Success,None
TXN1583,CUST1181,2026-06-24,1196.11,UPI,Desktop,Bangalore,Success,None
TXN1593,CUST1660,2026-06-24,3262.22,UPI,Mobile,Hyderabad,Success,None
TXN1023,CUST1104,2026-06-24,1350.43,Debit Card,Desktop,Hyderabad,Success,None
TXN0047,CUST1782,2026-06-24,700.65,UPI,Mobile,Bangalore,Success,None
TXN1136,CUST1204,2026-06-24,1946.76,Debit Card,Mobile,Delhi,Failed,Insufficient Funds
TXN2820,CUST1118,2026-06-25,1847.91,Credit Card,Mobile,Bangalore,Success,None
TXN0054,CUST1566,2026-06-25,1257.77,Debit Card,Mobile,Bangalore,Success,None
TXN0954,CUST1971,2026-06-25,1463.34,UPI,Desktop,Bangalore,Success,None
TXN1002,CUST1004,2026-06-25,623.28,UPI,Desktop,Hyderabad,Success,None
TXN0577,CUST1571,2026-06-25,428.02,UPI,Mobile,Bangalore,Success,None
TXN1075,CUST1053,2026-06-25,735.12,Credit Card,Mobile,Mumbai,Success,None
TXN2247,CUST1692,2026-06-25,2548.39,Debit Card,Mobile,Hyderabad,Success,None
TXN2920,CUST1327,2026-06-25,4368.08,UPI,Mobile,Mumbai,Success,None
TXN0681,CUST1607,2026-06-25,912.78,UPI,Mobile,Mumbai,Success,None
TXN2470,CUST1494,2026-06-25,1170.53,Net Banking,Mobile,Bangalore,Success,None
TXN2673,CUST1374,2026-06-25,709.96,UPI,Tablet,Hyderabad,Success,None
TXN2686,CUST1984,2026-06-25,1090.23,UPI,Tablet,Hyderabad,Success,None
TXN0803,CUST1143,2026-06-25,1982.01,Credit Card,Mobile,Mumbai,Success,None
TXN1853,CUST1267,2026-06-25,1198.1,UPI,Mobile,Pune,Success,None
TXN2287,CUST1222,2026-06-25,1058.57,Credit Card,Mobile,Chennai,Success,None
TXN0824,CUST1222,2026-06-25,2113.56,UPI,Mobile,Hyderabad,Success,None
TXN1251,CUST1952,2026-06-25,2561.92,UPI,Desktop,Mumbai,Success,None
TXN0888,CUST1219,2026-06-25,2357.29,Credit Card,Mobile,Chennai,Success,None
TXN0722,CUST1498,2026-06-26,1171.32,Wallet,Mobile,Bangalore,Success,None
TXN1078,CUST1989,2026-06-26,746.41,Credit Card,Mobile,Pune,Success,None
TXN1956,CUST1990,2026-06-26,1466.12,Net Banking,Mobile,Chennai,Success,None
TXN2998,CUST1582,2026-06-26,1701.61,UPI,Tablet,Delhi,Success,None
TXN2392,CUST1658,2026-06-26,882.92,Wallet,Mobile,Pune,Success,None
TXN2979,CUST1105,2026-06-26,318.9,UPI,Desktop,Bangalore,Success,None
TXN2171,CUST1579,2026-06-26,1902.88,UPI,Mobile,Hyderabad,Success,None
TXN1137,CUST1125,2026-06-26,2510.55,Net Banking,Desktop,Bangalore,Success,None
TXN1091,CUST1577,2026-06-26,1366.67,Debit Card,Mobile,Pune,Success,None
TXN2170,CUST1328,2026-06-26,1113.55,Debit Card,Mobile,Delhi,Success,None
TXN2839,CUST1800,2026-06-26,946.01,Debit Card,Mobile,Chennai,Success,None
TXN1572,CUST1296,2026-06-26,363.19,UPI,Tablet,Pune,Success,None
TXN0346,CUST1639,2026-06-26,3575.68,UPI,Mobile,Delhi,Failed,Network Error
TXN2798,CUST1637,2026-06-26,466.26,Debit Card,Mobile,Delhi,Success,None
TXN2083,CUST1375,2026-06-26,4922.27,Credit Card,Tablet,Bangalore,Success,None
TXN2712,CUST1269,2026-06-26,911.77,UPI,Desktop,Bangalore,Success,None
TXN2472,CUST1165,2026-06-26,557.97,Debit Card,Mobile,Mumbai,Success,None
TXN1518,CUST1684,2026-06-27,987.72,Credit Card,Mobile,Hyderabad,Success,None
TXN0285,CUST1001,2026-06-27,1088.27,Debit Card,Mobile,Hyderabad,Success,None
TXN1258,CUST1536,2026-06-27,2959.47,UPI,Mobile,Bangalore,Success,None
TXN0258,CUST1683,2026-06-27,1035.8,Wallet,Mobile,Pune,Failed,Insufficient Funds
TXN2672,CUST1001,2026-06-27,634.67,Net Banking,Desktop,Chennai,Success,None
TXN2622,CUST1804,2026-06-27,1436.31,Debit Card,Mobile,Pune,Failed,Network Error
TXN2254,CUST1006,2026-06-27,1020.59,Wallet,Mobile,Delhi,Success,None
TXN2291,CUST1855,2026-06-27,866.15,UPI,Mobile,Bangalore,Success,None
TXN2464,CUST1788,2026-06-27,692.63,Net Banking,Mobile,Hyderabad,Success,None
TXN0706,CUST1612,2026-06-27,1442.55,Net Banking,Mobile,Hyderabad,Success,None
TXN2848,CUST1360,2026-06-27,1209.54,UPI,Mobile,Mumbai,Success,None
TXN0786,CUST1176,2026-06-27,1211.04,UPI,Mobile,Pune,Success,None
TXN2780,CUST1125,2026-06-27,789.14,UPI,Mobile,Chennai,Success,None
TXN0672,CUST1836,2026-06-27,1390.04,Credit Card,Mobile,Bangalore,Failed,Network Error
TXN2778,CUST1250,2026-06-27,2387.82,Credit Card,Mobile,Pune,Success,None
TXN0863,CUST1656,2026-06-27,1163.31,Net Banking,Mobile,Pune,Failed,Technical Error
TXN1766,CUST1896,2026-06-27,734.45,Wallet,Mobile,Bangalore,Failed,Bank Declined
TXN0394,CUST1421,2026-06-27,2471.27,UPI,Desktop,Mumbai,Success,None
TXN2275,CUST1988,2026-06-27,1722.49,Debit Card,Desktop,Chennai,Success,None
TXN1728,CUST1608,2026-06-27,794.3,Credit Card,Mobile,Hyderabad,Success,None
TXN2529,CUST1316,2026-06-28,851.41,Debit Card,Desktop,Pune,Success,None
TXN0739,CUST1500,2026-06-28,1096.78,UPI,Mobile,Mumbai,Success,None
TXN1381,CUST1641,2026-06-28,644.42,Wallet,Tablet,Bangalore,Failed,Technical Error
TXN2220,CUST1348,2026-06-28,806.53,UPI,Desktop,Hyderabad,Success,None
TXN1385,CUST1612,2026-06-28,143.58,Debit Card,Mobile,Mumbai,Success,None
TXN1996,CUST1826,2026-06-28,1141.21,Credit Card,Desktop,Bangalore,Success,None
TXN2514,CUST1102,2026-06-28,893.51,Credit Card,Mobile,Chennai,Success,None
TXN1980,CUST1400,2026-06-28,591.51,Credit Card,Mobile,Chennai,Success,None
TXN0435,CUST1469,2026-06-28,629.79,UPI,Mobile,Bangalore,Success,None
TXN1041,CUST1676,2026-06-28,868.82,Net Banking,Mobile,Mumbai,Success,None
TXN1332,CUST1605,2026-06-28,1246.1,Wallet,Mobile,Delhi,Success,None
TXN2826,CUST1977,2026-06-28,100.0,Wallet,Mobile,Bangalore,Success,None
TXN1912,CUST1153,2026-06-28,1837.68,UPI,Mobile,Pune,Success,None
TXN1575,CUST1406,2026-06-28,1665.25,Wallet,Mobile,Chennai,Success,None
TXN1309,CUST1606,2026-06-28,721.87,Debit Card,Mobile,Bangalore,Success,None
TXN2111,CUST1301,2026-06-28,1533.96,Net Banking,Mobile,Pune,Success,None
TXN0957,CUST1372,2026-06-28,1454.52,Credit Card,Mobile,Bangalore,Success,None
TXN2315,CUST1323,2026-06-28,1192.45,UPI,Mobile,Chennai,Success,None
TXN0363,CUST1143,2026-06-28,947.37,Credit Card,Mobile,Mumbai,Success,None
TXN0195,CUST1574,2026-06-29,473.47,Debit Card,Desktop,Mumbai,Success,None
TXN0219,CUST1681,2026-06-29,1734.15,UPI,Desktop,Chennai,Success,None
TXN0782,CUST1341,2026-06-29,1811.84,Debit Card,Desktop,Delhi,Success,None
TXN2281,CUST1045,2026-06-29,655.66,Net Banking,Desktop,Delhi,Success,None
TXN0374,CUST1036,2026-06-29,596.35,Wallet,Mobile,Mumbai,Failed,Insufficient Funds
TXN0321,CUST1143,2026-06-29,842.45,UPI,Mobile,Mumbai,Success,None
TXN0170,CUST1725,2026-06-29,1555.2,Debit Card,Mobile,Bangalore,Failed,Network Error
TXN0879,CUST1713,2026-06-29,1122.97,UPI,Mobile,Chennai,Success,None
TXN2018,CUST1130,2026-06-29,928.24,UPI,Desktop,Chennai,Success,None
TXN0465,CUST1016,2026-06-29,1969.29,UPI,Mobile,Chennai,Success,None
TXN0413,CUST1956,2026-06-30,1115.88,Credit Card,Tablet,Delhi,Success,None
TXN2524,CUST1886,2026-06-30,619.99,UPI,Mobile,Bangalore,Success,None
TXN1205,CUST1803,2026-06-30,1306.63,Net Banking,Mobile,Mumbai,Success,None
TXN1963,CUST1709,2026-06-30,1765.43,Net Banking,Mobile,Pune,Success,None
TXN1957,CUST1660,2026-06-30,863.42,UPI,Desktop,Chennai,Failed,Technical Error
TXN2647,CUST1937,2026-06-30,1569.08,Net Banking,Desktop,Delhi,Success,None
TXN1887,CUST1226,2026-06-30,976.93,UPI,Desktop,Chennai,Success,None
TXN2822,CUST1426,2026-06-30,206.07,UPI,Desktop,Hyderabad,Success,None
TXN1498,CUST1841,2026-06-30,874.15,Credit Card,Desktop,Bangalore,Success,None
TXN0922,CUST1885,2026-06-30,1342.17,Wallet,Mobile,Mumbai,Success,None
TXN1744,CUST1181,2026-06-30,389.98,Net Banking,Desktop,Pune,Failed,Insufficient Funds
TXN0520,CUST1810,2026-06-30,1310.94,Net Banking,Mobile,Bangalore,Success,None
TXN1686,CUST1221,2026-06-30,928.51,UPI,Mobile,Pune,Success,None
TXN0974,CUST1501,2026-06-30,2507.98,Credit Card,Desktop,Bangalore,Success,None
TXN0307,CUST1183,2026-06-30,881.16,Credit Card,Mobile,Mumbai,Success,None
TXN1382,CUST1595,2026-06-30,661.94,Debit Card,Tablet,Pune,Success,None
TXN2915,CUST1941,2026-06-30,289.03,Credit Card,Mobile,Chennai,Failed,Network Error
